name,addr:street,addr:housenumber,amenity,cuisine,geometry
"""Варіон"". Їдальня для малозабезпечених",,13,cafe,no_info,POINT (30.7240263 46.5001936)
12 Coffee & Croissants,,,cafe,breakfast;coffee_shop,POINT (30.7401077 46.4850977)
12 Coffee and Croissants,Львівська вулиця,15Б,cafe,no_info,POINT (30.7459354 46.4014067)
19.53,,,cafe,breakfast;international,POINT (30.7532958 46.4537162)
1981,Балківська вулиця,42,cafe,no_info,POINT (30.7084498 46.4858555)
808 BAR,,,bar,no_info,POINT (30.742278 46.4807527)
A-la Pasta,,,cafe,no_info,POINT (30.8000441 46.5824317)
Afrika,,,restaurant,no_info,POINT (30.7349869 46.483747)
Al Mezze,,,restaurant,middle_eastern;arab,POINT (30.7388973 46.485823)
Alaturka,Успенська вулиця,52,restaurant,turkish,POINT (30.7371578 46.4755909)
Alex Food,,,fast_food,no_info,POINT (30.7389171 46.467046)
Ali baba,,,cafe,no_info,POINT (30.7333521 46.4846256)
Antica Cucine,,,restaurant,no_info,POINT (30.7381166 46.4802797)
Aroma Kava,,,cafe,coffee_shop,POINT (30.7383359 46.4670149)
Aroma Kava,,,cafe,coffee_shop,POINT (30.732244 46.479755)
Aroma Kava,Привокзальна площа,,cafe,coffee,POINT (30.74166 46.4690306)
Aroma Kava,,,cafe,coffee_shop,POINT (30.7345185 46.485613)
Aroma Kava,,,cafe,coffee_shop,POINT (30.7357241 46.4837498)
Art Hall,,,restaurant,no_info,POINT (30.7633689 46.5523391)
Atelier,,,cafe,coffee_shop,POINT (30.7343914 46.4776035)
BAO. 14,,,restaurant,no_info,POINT (30.7404783 46.4860484)
BUDUSUSHI,вулиця Семена Палія,118,cafe,asian;chinese;japanese;sushi,POINT (30.8013224 46.5849355)
BUDUSUSHI,проспект Князя Володимира Великого,109а,cafe,no_info,POINT (30.7841865 46.5811656)
BUDUSUSHI,,,fast_food,asian;sushi,POINT (30.719608 46.4344044)
BUDUSUSHI,вулиця Академіка Заболотного,52,cafe,sushi;soba;coffee_shop;chinese;japanese,POINT (30.7973366 46.5786973)
BUDUSUSHI,еврейская,,fast_food,asian;sushi,POINT (30.7320305 46.4782905)
Bar Mushlya,,,bar,no_info,POINT (30.7416401 46.4873674)
Bar-B-Q,вулиця Ніни Строкатої,18,cafe,barbecue,POINT (30.7409501 46.4811731)
Beer & Meat,,,bar,no_info,POINT (30.726998 46.4010842)
Beer club,,,pub,no_info,POINT (30.7284272 46.4820064)
Bella Vermuteria,,,cafe,no_info,POINT (30.7353826 46.4893376)
Belleville,проспект Шевченка,8/3,cafe,international,POINT (30.7524465 46.4540564)
Benedikt,Садова вулиця,19,restaurant,breakfast,POINT (30.7313711 46.484983)
Benedikt,,,restaurant,international;breakfast,POINT (30.7618112 46.4301869)
Bernardazzi,вулиця Ніни Строкатої,15,restaurant,no_info,POINT (30.7433372 46.4804503)
Biella Caffe,,,cafe,ice_cream,POINT (30.7627625 46.4301433)
Big Burger,,,cafe,burger,POINT (30.7639598 46.4296296)
Bistekka,Дерибасівська вулиця,12,restaurant,no_info,POINT (30.7403484 46.4840924)
Bizon bar,,,bar,no_info,POINT (30.7398319 46.4861061)
Black Bar,,,bar,no_info,POINT (30.7390461 46.4838542)
Black Coffe,проспект Лесі Українки,15,cafe,coffee_shop,POINT (30.7478225 46.4556439)
Boffo,,,bar,no_info,POINT (30.7389573 46.4864338)
Booblik,,,cafe,no_info,POINT (30.7489379 46.4462768)
Boom Berry,,,cafe,no_info,POINT (30.732539 46.4802803)
Booze & Bakery,,,cafe,no_info,POINT (30.7402276 46.4874102)
Budapest,,,restaurant,no_info,POINT (30.7365183 46.4799978)
BuddhaPizza,,,cafe,pizza,POINT (30.7466887 46.4461329)
Budka,вулиця Семена Палія,68,cafe,coffee_shop,POINT (30.7881692 46.5663532)
Budu sushi,,,cafe,asian;sushi,POINT (30.7232881 46.3962672)
Buffalo-99,,,cafe,no_info,POINT (30.7410161 46.4829055)
Bukowski Bar,,,bar,no_info,POINT (30.7392378 46.4857786)
Buono,Соборна площа,2,restaurant,no_info,POINT (30.7309144 46.4845938)
Buzina,вулиця Владислава Бувалкіна,16а,restaurant,no_info,POINT (30.7891436 46.591525)
C&B,,,fast_food,no_info,POINT (30.7388452 46.4856019)
COMO Italy bistro,Ланжеронівська вулиця,14,restaurant,italian,POINT (30.7399831 46.4851147)
Caffeine,Успенська вулиця,2а,cafe,coffee_shop,POINT (30.7552628 46.4748531)
California Republic,Марсельська вулиця,62,fast_food,burger,POINT (30.8012722 46.5702141)
Cannoli,,,cafe,tea;cake;coffee_shop,POINT (30.739642 46.4859197)
Casa Nova,,,restaurant,no_info,POINT (30.7440261 46.483885)
Casa Romani,проспект Шевченка,7,cafe,no_info,POINT (30.7504571 46.4581111)
Cellini,,,restaurant,no_info,POINT (30.7344856 46.4783485)
Central Bar,,,bar,no_info,POINT (30.7400779 46.4873383)
Chicago,,,cafe,coffee_shop,POINT (30.7332581 46.4773081)
Chicken Company,,,cafe,no_info,POINT (30.7374839 46.4760626)
Chin Chin,,,fast_food,chinese,POINT (30.7353667 46.4782768)
Chin-Chin,,,restaurant,chinese,POINT (30.8015174 46.5842495)
Chinatown,,,restaurant,chinese,POINT (30.7308488 46.4852796)
Chinese food,,,restaurant,no_info,POINT (30.7462406 46.4381084)
City Buffet,,,cafe,no_info,POINT (30.7380369 46.4798771)
City Burger,проспект Небесної Сотні,2,cafe,burger,POINT (30.7123175 46.4156362)
City Garden,Гаванна вулиця,10,restaurant,no_info,POINT (30.7353167 46.48481)
Clover Coffee,Мала Арнаутська вулиця,119,cafe,no_info,POINT (30.7286585 46.4718447)
Coffee & Hot-dog,,,cafe,hot_dog,POINT (30.7600579 46.4088565)
Coffee 888,,,cafe,no_info,POINT (30.7163752 46.4306283)
Coffee BLiss,Європейська вулиця,,cafe,coffee_shop,POINT (30.7374424 46.4732759)
Coffee Club & Mechanics,Торгова вулиця,26,cafe,no_info,POINT (30.7255465 46.4875309)
Coffee Love,,,cafe,coffee_shop,POINT (30.7171707 46.4292438)
Coffee Love,,,cafe,coffee_shop,POINT (30.719754 46.4296136)
Coffee Love,,,cafe,coffee_shop,POINT (30.7172887 46.4282361)
Coffee Love,,,cafe,coffee_shop,POINT (30.7159878 46.4294285)
Coffee Love,,,cafe,coffee_shop,POINT (30.7176111 46.4296075)
Coffee Love,,,cafe,coffee_shop,POINT (30.7173538 46.4306667)
Coffee Shop,,,cafe,coffee_shop,POINT (30.7936461 46.5821748)
Coffee Shot,,,cafe,cake;coffee_shop,POINT (30.7297039 46.4859066)
Coffee Time,,,cafe,coffee_shop,POINT (30.7164298 46.4290164)
Coffta-Coffee,,,cafe,no_info,POINT (30.7569185 46.479775)
Cooper Burgers,,,cafe,burger,POINT (30.7412742 46.4823114)
Daily,,,cafe,no_info,POINT (30.7399774 46.476069)
Daily,,,cafe,cake;coffee_shop;tea,POINT (30.7514375 46.478058)
Desire,,,restaurant,french,POINT (30.7375251 46.4852709)
Di Mare,,,restaurant,no_info,POINT (30.7484854 46.4922689)
Domino's,,,fast_food,pizza,POINT (30.7226464 46.3909329)
Domino's,,,fast_food,pizza,POINT (30.7363056 46.4835581)
Domino's,,,fast_food,pizza,POINT (30.7825605 46.5758698)
Domino's,Адміральський проспект,1,fast_food,pizza,POINT (30.7454045 46.4372037)
Domino's,проспект Шевченка,8/3,fast_food,pizza,POINT (30.7522394 46.4541368)
Drova,Десантний бульвар,14-А,fast_food,shawarma;hot_dog;kebab,POINT (30.7925774 46.5740743)
Dvor 12,,,bar,no_info,POINT (30.7423345 46.4866282)
El Corazon,,,cafe,no_info,POINT (30.7405363 46.4594132)
Espresso,,,cafe,no_info,POINT (30.7430879 46.4456788)
Express lounge,,,cafe,no_info,POINT (30.7083101 46.4767363)
FRESCO CAFE,Маразліївська вулиця,,restaurant,no_info,POINT (30.7501796 46.4834166)
Fab,,,cafe,no_info,POINT (30.7478422 46.4758632)
Family,,,cafe,asian;thai;vietnamese;japanese,POINT (30.7380968 46.4828469)
Fanconi,Європейська вулиця,15,restaurant,italian,POINT (30.7391839 46.484888)
Fashion Cafe IT,,,cafe,no_info,POINT (30.7309916 46.4846841)
Fishka,Преображенська вулиця,,pub,no_info,POINT (30.7331742 46.4853211)
Flagman,Олександрівський проспект,6,restaurant,no_info,POINT (30.7344753 46.4801454)
Food and brut,,,cafe,no_info,POINT (30.7599422 46.4562183)
For For,,,cafe,no_info,POINT (30.7295964 46.4258583)
Foundation Coffee,вулиця Святослава Караванського,19,cafe,coffee_shop,POINT (30.7396983 46.4794318)
Fox & Pipe Harbor,Дерибасівська вулиця,33,bar,no_info,POINT (30.7334417 46.4836921)
Fratelli,Грецька вулиця,17,restaurant,no_info,POINT (30.7415533 46.4820279)
Frebule,Канатна вулиця,27/1,restaurant,european;wine;french,POINT (30.7482528 46.4781186)
Fresh Line,,,cafe,sandwich,POINT (30.7387602 46.4669456)
FreshLine,Аркадійська алея,1,cafe,no_info,POINT (30.7653256 46.4288559)
Fruzzi,,,cafe,ice_cream,POINT (30.7635203 46.4298091)
GASTROBAR,Європейська вулиця,8/10,fast_food,no_info,POINT (30.7389153 46.4858936)
GQ Restobar,,,restaurant,no_info,POINT (30.7362219 46.482661)
Gaga,,,restaurant,georgian,POINT (30.7367255 46.4814703)
Gatsby,,,cafe,no_info,POINT (30.7335888 46.4770086)
Givi to me,,,restaurant,no_info,POINT (30.740878 46.4820402)
Glasgow,,,bar,no_info,POINT (30.7339741 46.4758183)
GluKoza,,,cafe,no_info,POINT (30.7355848 46.4847878)
Go Burger,,,fast_food,burger,POINT (30.7512758 46.4781494)
Golden Rice,провулок Віце-адмірала Жукова,3/7,restaurant,no_info,POINT (30.7349899 46.4838077)
Graf,,,restaurant,no_info,POINT (30.7365972 46.4881698)
Grand Prix,вулиця Ніни Строкатої,24,restaurant,french,POINT (30.7392653 46.4812945)
Grill 24,,,fast_food,no_info,POINT (30.7963177 46.5770653)
Grill House,,,restaurant,no_info,POINT (30.7314935 46.4749003)
Gyros Lavas,,,fast_food,no_info,POINT (30.7380004 46.4676528)
Halal у Захара,,,fast_food,kebab,POINT (30.7209114 46.3991613)
Happy People,,,cafe,no_info,POINT (30.7182641 46.4302832)
Hayat,проспект Князя Ярослава Мудрого,36/1,restaurant,georgian,POINT (30.7103426 46.3982052)
Icetory,,,cafe,no_info,POINT (30.7309971 46.4851928)
Indian Tandori,,,cafe,indian,POINT (30.7357413 46.4858997)
Infinity Coffee,,,cafe,no_info,POINT (30.7117995 46.4295165)
Introvert Coffee,,,cafe,no_info,POINT (30.7479396 46.4324139)
Irish pub,,,restaurant,no_info,POINT (30.7397436 46.4839888)
Italian Pizza,,,fast_food,pizza,POINT (30.7299121 46.4272167)
Ivy Coffee & Bakery,,,cafe,coffee_shop,POINT (30.729544 46.4260052)
Izzi,,,cafe,no_info,POINT (30.7348629 46.4810409)
Jakko,вулиця Семена Палія,86/1,cafe,coffee_shop,POINT (30.7934427 46.5736453)
Jardin,Гаванна вулиця,10,restaurant,no_info,POINT (30.7354849 46.4850818)
Just Buy Coffee,,,cafe,no_info,POINT (30.7375656 46.4795712)
KFC,,,fast_food,chicken,POINT (30.7372588 46.4843653)
Kadorr Cafe,Європейська вулиця,27,cafe,no_info,POINT (30.739353 46.481934)
Kami,проспект Лесі Українки,11,cafe,sushi,POINT (30.7520023 46.4572408)
Kava Hub,,,cafe,coffee_shop,POINT (30.7991224 46.5813215)
Kinza,Дерибасівська вулиця,31,cafe,georgian,POINT (30.7341811 46.4842546)
Kitsa Pan Asian bistro & bar,Грецька вулиця,32,restaurant,no_info,POINT (30.7392313 46.4827487)
KlaraBara,Преображенська вулиця,28,restaurant,no_info,POINT (30.7334751 46.485166)
Kohinoor,,,cafe,coffee_shop,POINT (30.7416753 46.4807925)
Kors,вулиця Владислава Бувалкіна,36/3,cafe,no_info,POINT (30.7986656 46.5878215)
Kum Kim,вулиця Ніни Строкатої,35,cafe,asian,POINT (30.7342833 46.4813248)
La Veranda,вулиця Ніни Строкатої,21,restaurant,italian,POINT (30.741115 46.4808314)
LaVash Project Cafe,проспект Князя Володимира Великого,114/2,fast_food,burger;pizza,POINT (30.795336 46.5880831)
Lapsha,,,restaurant,no_info,POINT (30.7146017 46.4295759)
Le Grill,Генуезька вулиця,24б,restaurant,no_info,POINT (30.7583807 46.4357039)
Legend,вулиця Ніни Строкатої,42,cafe,international,POINT (30.7326363 46.4817176)
Lex,,,cafe,no_info,POINT (30.7450788 46.4417751)
Lou Lou,,,restaurant,no_info,POINT (30.7389208 46.4861018)
Lviv Croissants,,,cafe,no_info,POINT (30.763097 46.430089)
Lviv Croissants,,,cafe,no_info,POINT (30.7495515 46.4792141)
Lviv Croissants,,,fast_food,sandwich,POINT (30.738437 46.484757)
Lviv Croissants,,,fast_food,sandwich,POINT (30.7330633 46.4853249)
Lviv Croissants,,,cafe,no_info,POINT (30.7496503 46.4411529)
Lviv Croissants,,,cafe,no_info,POINT (30.7389545 46.4672307)
Lviv Croissants,вулиця Владислава Бувалкіна,43,fast_food,sandwich,POINT (30.799507 46.5857971)
MAMAN на Фонтане,Фонтанська дорога,93/1,restaurant,no_info,POINT (30.752697 46.4159361)
MAMAN на морі. Одеська Кухня,Ланжерон пляж,1,restaurant,no_info,POINT (30.7653586 46.4757212)
MONICA,,,restaurant,no_info,POINT (30.7389092 46.4829508)
MY.BUTTER,Європейська вулиця,14,restaurant,tea;breakfast;european;french;brunch;coffee,POINT (30.7387096 46.4849605)
Macaroonna,,,cafe,no_info,POINT (30.7263036 46.4814282)
Madison,,,bar,no_info,POINT (30.739007 46.486734)
Madlen,вулиця Академіка Заболотного,28,cafe,cake;coffee_shop,POINT (30.793148 46.5791833)
Maestro,,,cafe,pizza,POINT (30.7370346 46.4686854)
Magic Party Zone,,,bar,no_info,POINT (30.7218108 46.4167221)
Make My Cake Cafe,,,cafe,cake;coffee_shop,POINT (30.7387013 46.478017)
MamaCasalla,,,restaurant,regional;breakfast,POINT (30.7498063 46.4606535)
Maman,Ланжеронівська вулиця,18,restaurant,regional;breakfast;mediterranean,POINT (30.7397521 46.4851194)
Manarola,,,restaurant,no_info,POINT (30.7634571 46.5522266)
Mangal House,Аркадійська алея,1,restaurant,no_info,POINT (30.7625839 46.4302186)
Mangal No. 1,,,restaurant,no_info,POINT (30.7377973 46.475325)
Marie L'eclair,Соборна площа,1,cafe,french,POINT (30.7306269 46.4823642)
Mario's,Садова вулиця,15,restaurant,international;pizza,POINT (30.7304935 46.4854698)
Mario’s Trattoria,,,restaurant,pizza,POINT (30.7412459 46.4842358)
Mash Taproom,,,bar,no_info,POINT (30.7373197 46.4853051)
Mega Coffee,,,cafe,no_info,POINT (30.7339152 46.4827937)
Merry Berry,,,cafe,bagel;coffee_shop;sandwich,POINT (30.734695 46.4812891)
Merry Berry,,,cafe,coffee_shop;ice_cream;sandwich,POINT (30.7636348 46.4297607)
Merry Berry,проспект Небесної Сотні,2,cafe,coffee_shop,POINT (30.7094811 46.4162175)
Merry Berry,,,cafe,no_info,POINT (30.7467925 46.4718344)
Merry Berry,,,cafe,no_info,POINT (30.7376991 46.467411)
Merry Berry,,,cafe,no_info,POINT (30.7383889 46.4784201)
Merry Berry,Кримська вулиця,,cafe,no_info,POINT (30.7902283 46.5787428)
Merry Berry,,,cafe,no_info,POINT (30.760552 46.434319)
Merry Berry,,,cafe,no_info,POINT (30.7106366 46.4212675)
Merry Berry,,,cafe,no_info,POINT (30.7584465 46.4353763)
Merry Berry,вулиця Добровольців,10Б,cafe,coffee_shop,POINT (30.7484453 46.4473263)
Merry Berry,проспект Лесі Українки,23а,cafe,no_info,POINT (30.7451382 46.4546356)
Merry Berry,,,cafe,no_info,POINT (30.7393661 46.4867576)
Merry Berry Cafe,,,cafe,no_info,POINT (30.750331 46.462263)
Mick O'Neills,,,pub,no_info,POINT (30.7397533 46.4838506)
Misi,,,restaurant,no_info,POINT (30.7385422 46.4799404)
Mister Sova (coffee),вулиця Левітана,114/3,cafe,no_info,POINT (30.7081918 46.4057947)
Mokka Coffee,Садова вулиця,7,cafe,coffee_shop,POINT (30.7288206 46.4863248)
Mr. Chef,,,fast_food,no_info,POINT (30.7369797 46.4700258)
Mr. Chef,,,fast_food,no_info,POINT (30.738581 46.4669599)
Mr.Grigof,проспект Князя Володимира Великого,114/2,fast_food,shawarma;pizza;burger;kebab,POINT (30.7960332 46.5877622)
My Coffee,проспект Шевченка,11а,cafe,coffee,POINT (30.7522694 46.4554252)
My Coffee,Аркадійська алея,1,cafe,coffee_shop,POINT (30.7644253 46.429238)
NASH ресторан української кухні,Аркадійська алея,1,restaurant,no_info,POINT (30.7661729 46.428683)
Navi,вулиця Ніни Строкатої,28,restaurant,sushi,POINT (30.7378243 46.4813982)
Nikos Greek Bistro,Грецька вулиця,32,restaurant,greek,POINT (30.7388816 46.4827945)
Noire Smoke Different,вулиця Ніни Строкатої,27,restaurant,barbecue;breakfast;burger;chicken;coffee_shop;diner;fine_dining,POINT (30.737511 46.4811317)
Nonna,,,fast_food,pizza,POINT (30.7401809 46.469679)
Nonna,Преображенська вулиця,42,restaurant,pasta;italian;pizza;burger,POINT (30.7324962 46.4818137)
Nonna Letizia,Олександрівський проспект,8,restaurant,no_info,POINT (30.7346767 46.4796172)
Odd Brew,,,pub,no_info,POINT (30.744085 46.4809295)
Olio Pizza,,,cafe,pizza,POINT (30.7348803 46.4811911)
Olio Pizza,,,restaurant,pizza,POINT (30.7364186 46.4853516)
Omega Three,Ланжеронівська вулиця,5,cafe,breakfast;tea,POINT (30.7434126 46.4846217)
One Gogi,вулиця Ніни Строкатої,29,cafe,georgian,POINT (30.7370357 46.4811344)
PONCHO Snack Art Bar,,,bar,no_info,POINT (30.7396809 46.4827243)
Panda,,,cafe,asian,POINT (30.7637441 46.4297156)
Pappa Pia,,,fast_food,crepe;pancake,POINT (30.7512971 46.4782443)
Passini,Успенська вулиця,47,cafe,pizza,POINT (30.7442008 46.4750444)
Pasta & Pizza,Дерибасівська вулиця,18,restaurant,no_info,POINT (30.7368572 46.4843771)
Pepe Pizza,,,cafe,pizza,POINT (30.7245869 46.4246354)
Pizza & Grill,,,restaurant,pizza;grill,POINT (30.740358 46.4878584)
Pizza & Grill,проспект Князя Володимира Великого,96а,cafe,pizza;grill,POINT (30.7850378 46.5804277)
Pizza & Grill,,,restaurant,no_info,POINT (30.7598612 46.4350014)
Pizza City,,,restaurant,pizza,POINT (30.7383255 46.4828073)
Pizza Mania,,,fast_food,no_info,POINT (30.7380497 46.467)
Pizza od ua,вулиця Незалежності,11/1,restaurant,pizza,POINT (30.745482 46.449536)
Pizza&Gril,,,restaurant,no_info,POINT (30.7205091 46.3912849)
PokeWay,Преображенська вулиця,38,cafe,pasta;seafood;soba,POINT (30.7326159 46.4827053)
Pokee,,,cafe,no_info,POINT (30.7391336 46.4736507)
Pomodoro,проспект Шевченка,2А,restaurant,pizza,POINT (30.7498853 46.4614084)
Pomodoro,проспект Небесної Сотні,2,restaurant,pizza,POINT (30.7124698 46.4159386)
Pomodoro,вулиця Затонського,32,restaurant,pizza,POINT (30.7936596 46.583386)
Pomodoro,Рішельєвська вулиця,44/46,fast_food,no_info,POINT (30.739388 46.4751398)
Pomodoro,,,cafe,no_info,POINT (30.766036 46.4285315)
Prana,провулок Футуристів,8,cafe,tea,POINT (30.7340638 46.4870703)
Presto Pizza,,,restaurant,pizza,POINT (30.7801512 46.5707164)
Priority Cafe,Велика Арнаутська вулиця,2/1,cafe,no_info,POINT (30.752947 46.4718467)
RedCaf,,,cafe,coffee_shop,POINT (30.7429088 46.4707864)
"Restaurant ""Stella Residence Club""",Ванний провулок,3,restaurant,regional,POINT (30.7597572 46.4128903)
Resto-Presto,вулиця Семена Палія,86,cafe,pizza,POINT (30.7933375 46.5732143)
Restoran Dizyngoff,Європейська площа,5,cafe,no_info,POINT (30.7396367 46.4870555)
Roll Club,вулиця Семена Палія,94,restaurant,sushi,POINT (30.7950576 46.5757358)
Romeo & Bagetta,Грецька площа,3/4,food_court,no_info,POINT (30.7355945 46.4831666)
Rossetti,вулиця Владислава Бувалкіна,14б,cafe,pizza,POINT (30.7907441 46.5907169)
Runa Кальянна,вулиця Новосельського,41,bar,burger;sandwich;grill;sausage;local;coffee_shop,POINT (30.722057 46.485545)
SHOPOT,,,cafe,coffee_shop,POINT (30.791347 46.5750197)
Sahar,,,cafe,no_info,POINT (30.7248899 46.482512)
Salat Bar,Рішельєвська вулиця,64,restaurant,no_info,POINT (30.7388266 46.4721727)
Salute!,провулок Віце-адмірала Жукова,3/7,cafe,cake;coffee_shop;tea,POINT (30.7347031 46.4838025)
San Michele,провулок Футуристів,8,cafe,coffee_shop,POINT (30.7341949 46.4870673)
Santorini,,,cafe,no_info,POINT (30.7716754 46.4391182)
Shaurma,,,fast_food,shawarma,POINT (30.7271102 46.3991292)
Shaurma na tairova,,,fast_food,shawarma,POINT (30.7270185 46.3991196)
Shisha,,,bar,no_info,POINT (30.7380139 46.4794911)
Shisha Lounge Bar,вулиця Сім'ї Глодан,18а,bar,no_info,POINT (30.7157287 46.3940318)
Shopot,,,cafe,coffee_shop,POINT (30.7995776 46.5699922)
Sirvan,вулиця Ніни Строкатої,40,bar,no_info,POINT (30.7339359 46.481626)
Slow Piggy,Гаванная,12,cafe,no_info,POINT (30.7355792 46.4847057)
Slow Piggy,Генуезька вулиця,3б,restaurant,no_info,POINT (30.7593738 46.4363374)
Solo,Космонавтов,17д/1,cafe,coffee_shop,POINT (30.7177385 46.4300411)
Sophie Cafe,провулок Некрасова,7,restaurant,no_info,POINT (30.7338635 46.4888102)
Sova,Сегедська вулиця,18,restaurant,no_info,POINT (30.742239 46.445757)
Starline,,,cafe,mexican,POINT (30.738365 46.4676291)
Stop & Go,,,cafe,no_info,POINT (30.708581 46.4770601)
Street Hous Cafe,,,cafe,no_info,POINT (30.7378637 46.452054)
SuKe,,,restaurant,japanese;asian,POINT (30.7398686 46.4827252)
Sushi 360,,,cafe,sushi,POINT (30.7124159 46.4157121)
Sushi Krabi,,,restaurant,asian;thai;japanese,POINT (30.7349931 46.4838231)
Sushi Story,вулиця Владислава Бувалкіна,40/44,fast_food,sushi,POINT (30.7998274 46.5863753)
Sushi Story,,,fast_food,sushi,POINT (30.7228318 46.3908262)
Sushi Story,проспект Князя Володимира Великого,129,fast_food,sushi,POINT (30.7904333 46.5868422)
Teppan,,,fast_food,no_info,POINT (30.7387028 46.4675665)
The BAGEL,,,cafe,no_info,POINT (30.7215193 46.3991412)
The Fitz,,,bar,no_info,POINT (30.7389655 46.4863529)
The Fitz,,,bar,no_info,POINT (30.7391989 46.4875955)
The Loft,,,restaurant,no_info,POINT (30.7017708 46.4389318)
The Roastery,,,cafe,international;coffee_shop,POINT (30.761773 46.430418)
The Ложка,,,restaurant,no_info,POINT (30.7438997 46.4754842)
TipTop,,,cafe,coffee_shop,POINT (30.7898786 46.5786474)
Top Sandwich,,,cafe,no_info,POINT (30.735156 46.4696565)
Top Waffle,,,cafe,waffle,POINT (30.739777 46.4841422)
Traveler's Coffee,,,cafe,no_info,POINT (30.7399947 46.4841281)
True,,,restaurant,no_info,POINT (30.7494583 46.4792566)
Turkish Coffee,,,cafe,coffee_shop,POINT (30.7252702 46.4134638)
Turkuaz,Дерибасівська вулиця,12,restaurant,turkish,POINT (30.740422 46.4841189)
Underpub,,,pub,no_info,POINT (30.7414184 46.4899377)
Unit,Тираспольська вулиця,22,bar,no_info,POINT (30.726188 46.4771462)
VLAVASHE,вулиця Ніни Строкатої,38,cafe,burger;hot_dog;oriental;sandwich,POINT (30.734718 46.481613)
VLAVASHE,вулиця Ярослава Баїса,36,fast_food,shawarma;burger;sandwich,POINT (30.8083786 46.5780036)
VLAVASHE,Пантелеймонівська вулиця,17б/1,fast_food,kebab;burger;hot_dog,POINT (30.7416472 46.4689999)
Vandal,,,restaurant,no_info,POINT (30.738907 46.4859974)
Varadero,,,restaurant,no_info,POINT (30.7546322 46.4729544)
Vegano hooligan,,,fast_food,no_info,POINT (30.7419386 46.4708608)
Vesna,,,cafe,no_info,POINT (30.7264001 46.4216049)
Vivus Coffee & Roasters,Соборна площа,1,cafe,coffee_shop,POINT (30.7316175 46.4823247)
WAYCUP,вулиця Ніни Строкатої,28,cafe,coffee_shop,POINT (30.7377307 46.4814048)
WOG кафе,,,cafe,no_info,POINT (30.6746693 46.442444)
Wake up,,,cafe,no_info,POINT (30.7243883 46.479269)
Whoopie,,,cafe,american;breakfast,POINT (30.7423967 46.4777928)
Wild Sandwich,Троїцька вулиця,56,cafe,asian;burger;lebanese;sandwich,POINT (30.732509 46.4773589)
Woka,Аркадійська алея,1,cafe,asian,POINT (30.7658387 46.4288792)
Woof sushi,,,restaurant,sushi,POINT (30.7295401 46.4260811)
YUG,Маячний провулок,15,restaurant,french;georgian;greek;italian;spanish,POINT (30.7499268 46.3815022)
YUSUMI,,,restaurant,coffee_shop;japanese;pizza;thai,POINT (30.7484744 46.4470169)
Yakitoria,,,restaurant,japanese,POINT (30.7393545 46.483878)
Yammy,,,fast_food,fried_food,POINT (30.7298504 46.4271691)
Yellow,,,cafe,breakfast;chicken;diner;regional;tea,POINT (30.7513321 46.4781019)
You cake,,,cafe,no_info,POINT (30.7498017 46.4428603)
Yourz Asia Bar,вулиця Ніни Строкатої,17,restaurant,asian,POINT (30.7419385 46.4807772)
Yun,,,restaurant,chinese,POINT (30.731322 46.4730298)
Zagranica,,,cafe,pizza,POINT (30.7624771 46.4303885)
Zara Pizzara,Рішельєвська вулиця,5,restaurant,pizza,POINT (30.7411363 46.4836296)
Zavernulli,,,fast_food,chicken;friture;grill;mediterranean;pizza,POINT (30.7225641 46.4009142)
Zelda Bar,Ланжеронівська вулиця,26,bar,no_info,POINT (30.7375506 46.4852889)
Zucchini,провулок Олександра Матросова,1/1,restaurant,pizza,POINT (30.7498036 46.4607272)
beach club,,,cafe,no_info,POINT (30.7654717 46.4772723)
kavomolka,,,cafe,coffee_shop,POINT (30.7906734 46.5786387)
Ігрове кафе level,,,cafe,no_info,POINT (30.7342199 46.4764604)
Ікра,13-я Станция Большого Фонтана пляж,9,restaurant,no_info,POINT (30.7540421 46.3993536)
Іржавий краб,,,restaurant,no_info,POINT (30.7361539 46.4856264)
Італійський квартал,Преображенська вулиця,62,restaurant,italian_pizza,POINT (30.7319314 46.4777349)
Італійський квартал,вулиця Академіка Заболотного,52,restaurant,italian_pizza,POINT (30.7973969 46.578834)
Італійський квартал,,,restaurant,italian,POINT (30.7368823 46.4795993)
Італійський квартал,,,restaurant,italian_pizza,POINT (30.7498118 46.4426355)
Італійський квартал,проспект Князя Володимира Великого,129,restaurant,italian_pizza,POINT (30.7901864 46.5866496)
Італійський квартал,,,restaurant,pizza,POINT (30.7205105 46.4349964)
Італійський квартал,,,restaurant,pizza,POINT (30.7510538 46.4269047)
Їдальня,,,restaurant,no_info,POINT (30.6990624 46.4866656)
Їдальня,,,food_court,no_info,POINT (30.7668592 46.4327606)
Їдальня,,,cafe,no_info,POINT (30.7492998 46.4470002)
Їдальня,,,fast_food,regional,POINT (30.7218364 46.4808482)
Їдальня,,,cafe,no_info,POINT (30.7157564 46.500882)
Їдальня,,,fast_food,ukrainian,POINT (30.7125844 46.4686937)
Їдальня,,49,fast_food,no_info,POINT (30.760684 46.4549686)
"Їдальня поліклініки санаторія ""Куяльник""",,,restaurant,no_info,POINT (30.7282917 46.5585284)
Їдальня №8,,,cafe,no_info,POINT (30.7242177 46.4995046)
Авокадо,,,restaurant,no_info,POINT (30.7644905 46.4741017)
Азбука здоровʼя,,,cafe,no_info,POINT (30.7493809 46.4263952)
Азума,Французький бульвар,54/23,restaurant,no_info,POINT (30.7664889 46.4414759)
Айва,Рішельєвська вулиця,27,restaurant,no_info,POINT (30.7403093 46.4774073)
Акварель,Сонячна вулиця,5,restaurant,no_info,POINT (30.7498821 46.4366664)
Алхімія,Дерибасівська вулиця,8,cafe,no_info,POINT (30.742347 46.4839915)
Алькор,,,cafe,no_info,POINT (30.7926102 46.5702184)
Альпіна,,,cafe,no_info,POINT (30.7396125 46.476345)
Альтанка,переулок Векслера,2,restaurant,coffee_shop;local;seafood;pasta;pizza;sushi;breakfast;grill,POINT (30.7539584 46.546873)
Алі Баба,,,restaurant,no_info,POINT (30.7385906 46.4839112)
Алі Баба,Кримська вулиця,,fast_food,shawarma;sandwich;arab;kebab;asian,POINT (30.7936983 46.5822195)
Амстердам,,,restaurant,european;breakfast,POINT (30.7392758 46.4842599)
Анталія,,,restaurant,turkish,POINT (30.7402364 46.4756988)
Апельсин,,,cafe,no_info,POINT (30.7343982 46.4777017)
Аптека Лейбензона,вулиця Кіри Муратової,5,cafe,italian;local,POINT (30.7281387 46.4819878)
Араміт,вулиця Владислава Бувалкіна,31,cafe,european;ukrainian;italian;georgian;pizza,POINT (30.7993399 46.5845993)
Арарат,,,restaurant,no_info,POINT (30.7664661 46.430288)
Арина,,,cafe,no_info,POINT (30.7670383 46.4283655)
Арома Кава,,,cafe,sandwich;cake;tea;coffee_shop,POINT (30.7346923 46.4796551)
Арома Кава,Французький бульвар,22в,cafe,sandwich;tea;cake;coffee_shop,POINT (30.7592608 46.456007)
Ательє. Дизайн і кава,,,cafe,tea;cake;coffee_shop,POINT (30.7329425 46.4882298)
Б'єлла Кафе,,,cafe,ice_cream,POINT (30.7388419 46.4854796)
Бiлий Налив,,,bar,hot_dog,POINT (30.738832 46.4854076)
Бабель Фиш,,,restaurant,fish;regional,POINT (30.7446539 46.4820473)
Базар,,,cafe,no_info,POINT (30.7352476 46.4829349)
Базилик,,,cafe,no_info,POINT (30.7358138 46.4864651)
Байт Альманди,,,restaurant,kebab,POINT (30.751495 46.460852)
Бамбук,,,cafe,no_info,POINT (30.7139404 46.4305014)
Банкирський дім,,,restaurant,no_info,POINT (30.7461258 46.455982)
Бар Хат,провулок Віце-адмірала Жукова,2,bar,no_info,POINT (30.7343944 46.4840254)
Батіг і пряник,Рішельєвська вулиця,9а,cafe,georgian,POINT (30.7408816 46.4820038)
Бейти,,,cafe,turkish,POINT (30.7371706 46.4746077)
Бекерай SDOBA,Аркадіївський провулок,9/1,cafe,no_info,POINT (30.7573787 46.4265376)
Белла Італія,,,restaurant,italian;pizza,POINT (30.731088 46.4749335)
Бенто,Дніпропетровська дорога,120,restaurant,japanese,POINT (30.8017288 46.5855269)
Берізка,,,bar,no_info,POINT (30.6825384 46.4563049)
Бессарабка,Базарна вулиця,,cafe,local;regional,POINT (30.7474583 46.4733732)
Блеф,,,restaurant,no_info,POINT (30.7509309 46.4268411)
Блеф,,,restaurant,no_info,POINT (30.767161 46.4469197)
БлинОК,,,cafe,no_info,POINT (30.7388517 46.46756)
Бон Аппетит,вулиця Івана та Юрія Лип,33,bar,no_info,POINT (30.7021649 46.4274373)
Бон Чибо,,,cafe,no_info,POINT (30.7306364 46.4717213)
Боні і Клайд,,,cafe,no_info,POINT (30.7232395 46.4366317)
Братья Гриль,,,cafe,no_info,POINT (30.7382908 46.4839611)
Бремен,Дігтярна вулиця,6,cafe,bavarian;german;grill,POINT (30.7260805 46.4774515)
Будинок,,,cafe,no_info,POINT (30.7233379 46.4072304)
Бузбар,,,restaurant,no_info,POINT (30.756039 46.4404615)
Бутербродна,Соборна площа,6,bar,no_info,POINT (30.7299294 46.4834208)
Буфет,,,bar,no_info,POINT (30.7384583 46.4669645)
Буфет-їдальня «Гараж»,,,cafe,no_info,POINT (30.7356038 46.4771845)
Бізнес-кафе,,,cafe,no_info,POINT (30.6956379 46.4660259)
Бірдорф,,,pub,no_info,POINT (30.7353255 46.484578)
В кругу друзей,,,cafe,no_info,POINT (30.7993495 46.5846841)
Варвар,,,bar,no_info,POINT (30.7482011 46.4781536)
Варенична,,,cafe,no_info,POINT (30.7400848 46.4665874)
Варенична,,,restaurant,no_info,POINT (30.7396321 46.4765343)
Великий куш,,,cafe,no_info,POINT (30.7374113 46.4729459)
Весела ягода,,,cafe,bagel;coffee_shop,POINT (30.7247358 46.398041)
Веста,Транспортна вулиця,5,cafe,regional;international;coffee_shop,POINT (30.731328 46.4531686)
Визит,,,cafe,no_info,POINT (30.7953283 46.5906659)
Вимпіл,,,cafe,no_info,POINT (30.7314781 46.436884)
Винегрет,,,cafe,no_info,POINT (30.7243426 46.398122)
Вихід,вулиця Ніни Строкатої,24,bar,no_info,POINT (30.7394166 46.4812864)
Вкусняшка,,,cafe,no_info,POINT (30.7318531 46.486327)
Вортутай,Бахмутська вулиця,65/1,bar,no_info,POINT (30.7753482 46.5682028)
Віденський штрудель,Ланжеронівська вулиця,17,cafe,no_info,POINT (30.7377905 46.4850531)
Вікторія,проспект Князя Володимира Великого,155а,cafe,no_info,POINT (30.7983335 46.5939685)
Вітер,,,cafe,coffee_shop,POINT (30.7343647 46.4870588)
Вітер,,,cafe,coffee_shop,POINT (30.7475604 46.476251)
Вітраж,,,restaurant,no_info,POINT (30.7416728 46.4730791)
Вітрило,,,cafe,no_info,POINT (30.7026607 46.3498294)
Гайя,,,restaurant,no_info,POINT (30.7603231 46.4756443)
Гамбринус,Дерибасівська вулиця,31,bar,coffee_shop,POINT (30.7344828 46.4841722)
Гараж,Люстдорфская дорога,96 к1,cafe,burger;regional;breakfast;russian;fish_and_chips,POINT (30.7227066 46.4170647)
Гараж,,,cafe,international;breakfast,POINT (30.7259201 46.4173701)
Гараж,Троїцька вулиця,50,cafe,no_info,POINT (30.7352625 46.4772352)
Гарячі Перці,вулиця Добровольців,10/2,restaurant,regional;american;burger,POINT (30.7493665 46.4454116)
Говінда,,,cafe,no_info,POINT (30.74225 46.47245)
Гоголь-Моголь,вулиця Гоголя,8,cafe,no_info,POINT (30.7354085 46.4890756)
Горбушка,,,fast_food,no_info,POINT (30.7386775 46.4669924)
Гості,,,cafe,international,POINT (30.7476005 46.4416476)
Гречка,Грецька вулиця,7,restaurant,fish;local;regional;seafood,POINT (30.7461977 46.465217)
Гриль Мастер,вулиця Героїв Оборони Одеси,98а,fast_food,burger;grill,POINT (30.785923 46.5805286)
Гриль Смак,проспект Князя Володимира Великого,114/2а,fast_food,no_info,POINT (30.792316 46.5873429)
Грузинська Кухня,,,cafe,georgian,POINT (30.7343926 46.4774305)
Да Винчи,Аркадійська алея,1,cafe,italian,POINT (30.7659725 46.4288245)
Деварана Thai Restaurant&Spa,Тіниста вулиця,9/12,restaurant,no_info,POINT (30.7577491 46.4332607)
Делано,,5,restaurant,seafood;local;regional;mediterranean;international,POINT (30.7442073 46.4838322)
Дерибас,,,cafe,no_info,POINT (30.743774 46.4839043)
Дикий бутерброд,,,fast_food,no_info,POINT (30.7513088 46.4781463)
Дис,,,cafe,no_info,POINT (30.7873069 46.5734519)
Дом Кофе,,,cafe,no_info,POINT (30.7354076 46.4891782)
Дом кофе,,,cafe,no_info,POINT (30.7495505 46.4762431)
Доміно,вулиця Каманіна,2/2,cafe,no_info,POINT (30.754331 46.4215078)
Драйв,,,bar,no_info,POINT (30.8012235 46.584104)
Друзі та Пиво,Дерибасівська вулиця,9,bar,no_info,POINT (30.7413203 46.483714)
Дядюшка Чао,,,restaurant,asian,POINT (30.7633474 46.4702471)
Дядя Миша,Успенська вулиця,40,cafe,burger;barbecue;grill,POINT (30.7412103 46.4756304)
Екватор,траса Здоровʼя,,cafe,no_info,POINT (30.7621778 46.4625517)
Еко-маркет,,,cafe,no_info,POINT (30.7480495 46.4346854)
Епоха,,,fast_food,burger,POINT (30.8003066 46.5828326)
Жара,,,cafe,oriental,POINT (30.7619927 46.430567)
Жарю-Парю,,,cafe,regional,POINT (30.734328 46.4801607)
Жарю-парю,,,cafe,no_info,POINT (30.7437369 46.4754963)
Жарю-парю,,,cafe,no_info,POINT (30.733069 46.4702148)
Жасмiн,,,cafe,no_info,POINT (30.730283 46.4852384)
Жето,,,cafe,no_info,POINT (30.7358203 46.4866352)
Завернули.,,,fast_food,no_info,POINT (30.7242871 46.4696016)
Задзеркалля,Кримська вулиця,70/1,restaurant,regional,POINT (30.7910461 46.5791903)
Затишний двір,,,cafe,no_info,POINT (30.701907 46.3498055)
Здобушка,,,cafe,no_info,POINT (30.7200868 46.4843964)
Зелень,,,cafe,no_info,POINT (30.7461965 46.4652638)
Злая Зая,Кінна вулиця,22,bar,no_info,POINT (30.7243665 46.4889986)
Золотое Руно,Аркадійська алея,1,cafe,regional,POINT (30.7648882 46.4290357)
Зроби мій торт,,,cafe,cake;ice_cream,POINT (30.7515856 46.4780465)
Кав'ярня пекарня,,,cafe,no_info,POINT (30.7537933 46.4521794)
Кавʼярня книгарня,,,cafe,coffee_shop,POINT (30.7310746 46.4781198)
Кава,,,cafe,no_info,POINT (30.7227222 46.4979651)
Кава піца,,,cafe,no_info,POINT (30.724516 46.3932108)
Кавказ,,,cafe,no_info,POINT (30.7581782 46.4565486)
Кав’ярня CoffeeyOK на Канатній,,,cafe,regional;coffee_shop,POINT (30.7467354 46.4686358)
Казка Сходу,,,restaurant,no_info,POINT (30.7313208 46.4767135)
Как есть,,,cafe,no_info,POINT (30.7489932 46.4610908)
Кампанія,,,cafe,no_info,POINT (30.7372115 46.4799456)
Капучіно,,,cafe,coffee_shop,POINT (30.7937803 46.5834601)
Караоке-бар Утьосов,Єврейська вулиця,2а,bar,no_info,POINT (30.7465451 46.4778363)
Катя Кейк,Грецька вулиця,40,cafe,no_info,POINT (30.7373717 46.4828811)
Катя Кейк,,,cafe,cake;coffee_shop,POINT (30.7265581 46.517844)
Кафе,,,cafe,no_info,POINT (30.7240625 46.4991067)
Кафе,,,cafe,no_info,POINT (30.7245146 46.5002022)
Кафе на єврейській,,,cafe,local,POINT (30.7419148 46.4778151)
"Кафе-бар ""Ювіта""",,,bar,no_info,POINT (30.6627157 46.4847681)
Качка,,,restaurant,regional,POINT (30.7550412 46.4732933)
Кетрін,,,cafe,no_info,POINT (30.7376324 46.4770317)
Клевер,,,cafe,no_info,POINT (30.7343429 46.478348)
Клумба,,,cafe,no_info,POINT (30.713867 46.42922)
Кобе,,,restaurant,japanese,POINT (30.7418559 46.4847658)
Колхети,,22/24,cafe,regional;georgian,POINT (30.7180283 46.3985631)
Комплексні обіди,,,cafe,no_info,POINT (30.7457561 46.4667285)
Компот,Адміральський проспект,1,cafe,breakfast;international,POINT (30.7452161 46.4372566)
Компот,проспект Небесної Сотні,2,cafe,no_info,POINT (30.7094475 46.4162844)
Котелок,Садова вулиця,17,restaurant,seafood,POINT (30.7307636 46.4853256)
Кофан Кофанич,,,cafe,coffee_shop,POINT (30.7357939 46.4716193)
Кофе с собой,,,cafe,coffee_shop,POINT (30.7303418 46.4320016)
Кофемолка,,,cafe,cake;coffee_shop,POINT (30.7919498 46.5802948)
Кофеїн,,,cafe,no_info,POINT (30.7433142 46.4508193)
Крамниця карамелi,Дерибасівська вулиця,31,cafe,no_info,POINT (30.7343309 46.4842414)
Крила,,,fast_food,no_info,POINT (30.7362412 46.4831161)
Крим,,,bar,no_info,POINT (30.7215963 46.4986535)
Крим,Кримська вулиця,74,restaurant,oriental,POINT (30.7934882 46.5817859)
Кришталевий будинок,,,cafe,no_info,POINT (30.732249 46.4855335)
Куманець,Гаванна вулиця,7,restaurant,savory_pancakes;regional;pancake,POINT (30.7362024 46.4854136)
Кухня,,,cafe,no_info,POINT (30.7624307 46.4294777)
Кухоль,,,cafe,no_info,POINT (30.7263533 46.4814014)
Кім,,,cafe,no_info,POINT (30.7211342 46.4845517)
Кіно,,,bar,no_info,POINT (30.7869148 46.5857456)
Кіоск швидкого харчування,,,fast_food,kebab,POINT (30.7141139 46.4626965)
Лабіринт,,,restaurant,no_info,POINT (30.7302617 46.4782727)
Лазани,проспект Шевченка,,restaurant,regional,POINT (30.7510496 46.4608319)
Лайт кафе,,,cafe,no_info,POINT (30.7351321 46.4757364)
Ламп,Преображенська вулиця,74/76,cafe,no_info,POINT (30.7314423 46.4744833)
Лаунж-кафе KARE,,,cafe,no_info,POINT (30.7468471 46.483717)
Лепешка,,,cafe,no_info,POINT (30.7320351 46.4783608)
Львiвськi Пляцки,Європейська вулиця,14,cafe,no_info,POINT (30.7386409 46.4843979)
Львівська мануфактура кави,,,cafe,cake;coffee_shop,POINT (30.7354141 46.4844746)
"Любимая, тебе брать?",,,fast_food,no_info,POINT (30.7409031 46.482152)
Ля Тюлька,переулок Маяковского,1,restaurant,no_info,POINT (30.7357233 46.4866407)
Майстерня Смаку,Миколаївська дорога,301,cafe,no_info,POINT (30.7625205 46.5545211)
Мангал Premium,,,fast_food,no_info,POINT (30.7379464 46.4670071)
Мангал експрес,,,cafe,no_info,POINT (30.7480373 46.4806864)
МарМара,,,restaurant,no_info,POINT (30.7445943 46.4709719)
Мармелад,Грецька вулиця,1а,cafe,no_info,POINT (30.7353004 46.4822485)
Маска,,,bar,no_info,POINT (30.7480632 46.4747893)
Маяк,,,cafe,no_info,POINT (30.7242349 46.4885207)
Мистер Сендвич,Пантелеймонівська вулиця,64,fast_food,pizza;burger,POINT (30.740614 46.4697961)
Мистер Сендвич,,,fast_food,burger,POINT (30.7400769 46.4695955)
Мока-Лока,,,cafe,cake;ice_cream;coffee_shop,POINT (30.7075904 46.4311111)
Мока-Лока,,,cafe,cake;coffee_shop;ice_cream,POINT (30.7500426 46.4304237)
Моксі,,,cafe,no_info,POINT (30.7713451 46.4423493)
Молодость,Грецька вулиця,19,cafe,no_info,POINT (30.7412047 46.4823138)
Молодість,,,fast_food,no_info,POINT (30.7413652 46.4823409)
Молоко Бар,,,cafe,no_info,POINT (30.7371565 46.4853188)
Момояма,,,restaurant,chinese;asian,POINT (30.7444259 46.4809227)
Монах,проспект Князя Володимира Великого,159,bar,no_info,POINT (30.8001215 46.5945395)
Море м'яса,,,cafe,no_info,POINT (30.732 46.4715918)
Морозиво,,,cafe,ice_cream,POINT (30.7169783 46.4291969)
Мій Чешир,,,cafe,no_info,POINT (30.7484841 46.4792001)
Мілан,,,restaurant,no_info,POINT (30.7445587 46.4383303)
Мінімаліст,,,cafe,breakfast;coffee_shop;local,POINT (30.7423528 46.4775283)
Містер Сендвич,Ольгіївська вулиця,7,fast_food,burger;pizza,POINT (30.7260283 46.4924468)
Місто N,,,restaurant,no_info,POINT (30.7234166 46.4259524)
Міський базар їжи,Рішельєвська вулиця,9а,food_court,no_info,POINT (30.741189 46.4820019)
НАШ ресторан,Аркадійська алея,1,restaurant,no_info,POINT (30.766183 46.4286767)
На Кухнi,,,fast_food,burger;sausage,POINT (30.7387782 46.4675619)
На здоров'я,,,cafe,no_info,POINT (30.7902016 46.5812608)
Небесна роса,вулиця Пастера,52,cafe,tea,POINT (30.7312409 46.4863699)
Немецкие Сосиски,,,cafe,german;sausage,POINT (30.7624462 46.4304128)
Облака,,,restaurant,no_info,POINT (30.7388341 46.4819804)
Одеська булочна,,,cafe,no_info,POINT (30.7544876 46.4521722)
Окраєць,,,bar,italian,POINT (30.7641395 46.4293362)
Оливка,,,cafe,no_info,POINT (30.7201969 46.4664434)
Олімп,,,cafe,no_info,POINT (30.742007 46.474911)
Орех,,,pub,no_info,POINT (30.7357618 46.4771385)
П'яна вишня,Гаванна вулиця,12,bar,no_info,POINT (30.7357096 46.4845088)
П'єр,,,cafe,no_info,POINT (30.7333415 46.4837083)
"ПАБ Золотая Подкова, союз ветеранов Афганистана",,,fast_food,no_info,POINT (30.7239521 46.4780976)
Паб 23,,,bar,no_info,POINT (30.7391283 46.4792347)
Паб Бочка,,,pub,local;grill;international,POINT (30.7372441 46.475239)
Пальма,,,restaurant,regional,POINT (30.764033 46.4710506)
Пан мурко,,,cafe,no_info,POINT (30.7412976 46.4737625)
Панорама,,,cafe,no_info,POINT (30.8033384 46.5828487)
Парк Резиденс,Французький бульвар,85,restaurant,no_info,POINT (30.7666378 46.4454535)
Паста вино,,,cafe,pasta,POINT (30.7515047 46.478077)
Патiфон,,,cafe,chicken;local;coffee_shop;friture,POINT (30.7469036 46.4734353)
Патефон,,,cafe,no_info,POINT (30.7259078 46.4728847)
Пекарня,,,cafe,no_info,POINT (30.7417271 46.4735117)
Пекарня,,,cafe,no_info,POINT (30.7246948 46.476309)
Пекарський двір,,,cafe,no_info,POINT (30.7413903 46.4752468)
Пекінська качка,,,restaurant,no_info,POINT (30.7388242 46.4527009)
Перрон №7,Мала Арнаутська вулиця,56,cafe,no_info,POINT (30.7383117 46.471381)
Пивна Кають компанія,,,pub,no_info,POINT (30.7320836 46.5326018)
Пивний сад,,,pub,no_info,POINT (30.7348109 46.4856033)
Победа,,,cafe,no_info,POINT (30.7498367 46.4459462)
Поверх,,,cafe,no_info,POINT (30.714087 46.414329)
Повний дзен,,,cafe,no_info,POINT (30.7323556 46.4715868)
Под Куполом,вулиця Сім'ї Глодан,13/2,cafe,regional,POINT (30.7153507 46.398437)
Подходит,,,cafe,no_info,POINT (30.7491379 46.4324629)
Помодоро,проспект Небесної Сотні,2,restaurant,pizza,POINT (30.7124798 46.4159377)
Празькі Ковбаски Гриль,,,cafe,sausage,POINT (30.7625259 46.4303563)
Причал #1,,,restaurant,no_info,POINT (30.7631384 46.4699242)
Про.Меню,,,cafe,no_info,POINT (30.7410562 46.4832182)
Прованс,,,cafe,no_info,POINT (30.7825106 46.588659)
Профитроли,,,cafe,no_info,POINT (30.7150877 46.4276509)
Профитроли,,,cafe,no_info,POINT (30.7422322 46.4011906)
Профитроли,,,cafe,no_info,POINT (30.7420439 46.4807837)
Профитроли,,,cafe,no_info,POINT (30.7501582 46.4270073)
Профитроли,,,cafe,no_info,POINT (30.7218372 46.4346485)
Профітролі,Соборна площа,4,cafe,no_info,POINT (30.7303495 46.4839111)
Профітролі,,,cafe,tea;cake;coffee_shop,POINT (30.7534025 46.4528692)
Пузата Хата,Дерибасівська вулиця,21,fast_food,ukrainian,POINT (30.7375312 46.4837215)
ПівДрайв,,,pub,no_info,POINT (30.7203547 46.4874472)
Піца,,,fast_food,pizza,POINT (30.7512601 46.4781867)
Піца Room,вулиця Семена Палія,70,fast_food,pizza;burger;shawarma,POINT (30.7882486 46.5665477)
Піцерія Sanapolino,,,restaurant,no_info,POINT (30.7234748 46.3983152)
Радіоактивний бар,,,bar,no_info,POINT (30.7333451 46.4868274)
Ресто-Престо,,,restaurant,pizza,POINT (30.8017778 46.5825702)
Ресторан Ми,Люстдорская дорога,160,restaurant,regional;grill;coffee_shop;steak_house;beef_bowl;pasta;russian;pizza;fish_and_chips;chicken;fish;breakfast;sushi;seafood;local;friture,POINT (30.7329031 46.3990515)
Ресторан Мишки Япончика,,,cafe,no_info,POINT (30.7216659 46.4712694)
Ресторан Ю,Грецька вулиця,1а,restaurant,regional,POINT (30.7476878 46.4818245)
Риба і киш,,,restaurant,no_info,POINT (30.7354335 46.486689)
Робинзон,,,restaurant,no_info,POINT (30.7650108 46.5520688)
Робін Бобін,проспект Князя Володимира Великого,104,cafe,international;sushi,POINT (30.7885813 46.5841506)
Розмарин,,,cafe,no_info,POINT (30.7528661 46.4743632)
Романтик,,,cafe,no_info,POINT (30.7375648 46.4765924)
Рібай,Європейська вулиця,30,restaurant,no_info,POINT (30.7381209 46.4803287)
СВОЇ,Десантний бульвар,14-А,cafe,coffee_shop,POINT (30.7926356 46.5740424)
СВС,вулиця Малішевського,1а,restaurant,no_info,POINT (30.6824513 46.4499674)
Сабанєєв ресторан,,,restaurant,european,POINT (30.7363685 46.4880761)
Сади Бабеля,,,restaurant,no_info,POINT (30.7406473 46.479654)
Сади Перемоги,Академічна вулиця,28,restaurant,no_info,POINT (30.7582248 46.4395162)
СанЛав,,,cafe,coffee_shop,POINT (30.8061918 46.5745774)
Світ чаю,,,cafe,no_info,POINT (30.7226772 46.4357118)
Сейлор Джек,,,cafe,no_info,POINT (30.7323648 46.4859554)
Сканди,проспект Князя Володимира Великого,126а,restaurant,barbecue;coffee_shop;friture;grill;ice_cream;local,POINT (30.8004121 46.5931808)
Сканді,,,restaurant,no_info,POINT (30.7333898 46.4846634)
Смажимо каву,,,cafe,coffee_shop,POINT (30.7974922 46.5776525)
Смайл фуд,,,restaurant,no_info,POINT (30.7793034 46.5684759)
Смайлфуд,,,cafe,no_info,POINT (30.7231711 46.4907165)
Смак,,,cafe,no_info,POINT (30.7445821 46.4207406)
Смак Тайм,Італійський бульвар,8,cafe,no_info,POINT (30.7424555 46.4683595)
Смак пива,,,pub,no_info,POINT (30.7241316 46.4752523)
Смарагдовий сад,вулиця Академіка Сахарова,36,restaurant,international,POINT (30.8065765 46.5771558)
Сніжок,,,cafe,no_info,POINT (30.740011 46.4661794)
Спорт-бар,,,bar,no_info,POINT (30.7333732 46.4758538)
Стар Пицца,вулиця Ярослава Баїса,12,restaurant,no_info,POINT (30.8035308 46.5801605)
Стар Пицца,проспект Князя Ярослава Мудрого,36/1,restaurant,no_info,POINT (30.7111295 46.3983539)
Стара Пивна,Успенська вулиця,24,bar,sandwich;regional;hot_dog;grill;sausage;local;coffee_shop;russian;fish_and_chips;chicken,POINT (30.7456799 46.4752771)
Старий Тбілісі,,,restaurant,georgian,POINT (30.7855062 46.5816885)
Сулико,вулиця Добровольців,1/2,cafe,no_info,POINT (30.7458769 46.4516175)
Супстанція,,,fast_food,regional,POINT (30.7513012 46.4781273)
Супстанція,,,cafe,no_info,POINT (30.7481244 46.4835901)
Сучасник,,,cafe,no_info,POINT (30.7277982 46.4116626)
Суши Wok,,,fast_food,asian;sushi,POINT (30.751473 46.4552786)
Суши Wok,Люстдорфська дорога,56,cafe,beef_bowl;chinese;coffee_shop;soba;sushi,POINT (30.7266821 46.4349717)
Суши Wok,Преображенська вулиця,47,fast_food,asian;sushi,POINT (30.7313402 46.4765522)
Суши Wok,,,fast_food,asian;sushi,POINT (30.7388353 46.4718715)
Суши Wok,,,cafe,sushi;soba;beef_bowl;coffee_shop;chinese,POINT (30.7124913 46.4911022)
Суши Wok,,,fast_food,asian,POINT (30.7218943 46.3995707)
Суши Wok,,,cafe,beef_bowl;chinese;coffee_shop;japanese;soba;sushi,POINT (30.7093101 46.4403801)
Суши бар,,,bar,no_info,POINT (30.7313363 46.4736887)
Сушибосс,,,cafe,italian;pizza;seafood;sushi,POINT (30.7471957 46.4718076)
Суші,,,cafe,sushi,POINT (30.7247187 46.3979411)
СушіЯ,,,restaurant,sushi,POINT (30.7376514 46.4839867)
Сушібос,Кримська вулиця,71,restaurant,pizza;sushi,POINT (30.7899919 46.5788958)
Схiд,Троїцька вулиця,9,cafe,chinese;chicken;friture;asian,POINT (30.7478678 46.4759583)
Т-Спрінт,,,cafe,no_info,POINT (30.6841469 46.4485648)
Т-Спрінт,,,restaurant,no_info,POINT (30.7241253 46.3908096)
Т-Спрінт,,,restaurant,no_info,POINT (30.7438853 46.4430393)
Т-Спрінт,,,cafe,no_info,POINT (30.7090741 46.3968127)
Т-Спрінт,,,cafe,no_info,POINT (30.7272781 46.4112633)
Тайрай,вулиця Затонського,32,cafe,thai,POINT (30.7939071 46.5835576)
Ташкент,,,cafe,no_info,POINT (30.7373394 46.4669164)
Тераса Сі Вью,Ланжерон пляж,1Б,restaurant,no_info,POINT (30.7652945 46.4762739)
Тираспольський,,,cafe,no_info,POINT (30.7259671 46.4764307)
Тихий Бар,Грецька вулиця,19,bar,no_info,POINT (30.7412718 46.4822925)
Тишина,,,cafe,coffee,POINT (30.7471608 46.481862)
Товстун,Преображенська вулиця,11,bar,no_info,POINT (30.732833 46.4874498)
Токіо Хаус,вулиця Ніни Строкатої,39,cafe,no_info,POINT (30.7335792 46.4813645)
Топ Сендвич,,,cafe,no_info,POINT (30.7394202 46.484165)
Три черпака,,,fast_food,greek;local,POINT (30.7512693 46.4782742)
Трубадур,вулиця Святослава Караванського,13,bar,no_info,POINT (30.7429328 46.4792075)
Трюм,,,restaurant,regional,POINT (30.751363 46.4745033)
Тур де Франс,вулиця Ніни Строкатої,38,cafe,breakfast;coffee_shop;sandwich;tea,POINT (30.7344383 46.4816188)
Тут і зараз,Красний провулок,11,cafe,cake,POINT (30.7373622 46.481436)
Тюлька,вулиця Павла Зеленого,46,bar,no_info,POINT (30.7293688 46.4834164)
У Ангелових,,,cafe,no_info,POINT (30.7340403 46.4801714)
У Ангелових,,,restaurant,no_info,POINT (30.7488228 46.4713479)
У Ваганича,,,cafe,no_info,POINT (30.7291624 46.560287)
У Талата,,,fast_food,kebab,POINT (30.7175734 46.3984091)
Узмор'я,,,restaurant,no_info,POINT (30.7638035 46.5519983)
Українські страви,,,restaurant,no_info,POINT (30.7314641 46.4696125)
Уточ-Кіно,Дерибасівська вулиця,22,cafe,regional;breakfast;international;cake,POINT (30.7352937 46.484526)
Фарфор,,,restaurant,no_info,POINT (30.7397968 46.4742885)
Фарширована риба,,,restaurant,no_info,POINT (30.7369263 46.483713)
Феймус Бургер,,,cafe,no_info,POINT (30.7300814 46.4853415)
Феруз,,,cafe,no_info,POINT (30.7195252 46.4859179)
Фонтан,Європейська вулиця,66,restaurant,pizza,POINT (30.7370516 46.4736712)
Форшмак,,,cafe,no_info,POINT (30.7293487 46.4878288)
Франс.уа,,,cafe,coffee_shop,POINT (30.7405695 46.4879705)
Фрателли,Грецька вулиця,17,restaurant,no_info,POINT (30.7415706 46.4820225)
Фрумушика,вулиця Семена Палія,123а,cafe,no_info,POINT (30.8012458 46.5817972)
Фрунзик,,,cafe,no_info,POINT (30.7282329 46.4819252)
Фіш І Кіш,Гаванна вулиця,,restaurant,no_info,POINT (30.7357502 46.4866524)
Хабібі,,,cafe,no_info,POINT (30.7350103 46.4838779)
Хаджибей,,,restaurant,no_info,POINT (30.7386696 46.4806197)
Халва,,,cafe,international,POINT (30.729767 46.4865105)
Харчевня - кафе,,,cafe,no_info,POINT (30.6727965 46.4790335)
Хеврон,Рішельєвська вулиця,30,restaurant,jewish,POINT (30.7396221 46.4776946)
Хибарка,,,cafe,no_info,POINT (30.7277816 46.4890754)
Хлібна №1,,,cafe,no_info,POINT (30.7514828 46.4552185)
Хотдожная,,,fast_food,no_info,POINT (30.7558829 46.4785892)
Хочу Шаурму,проспект Князя Володимира Великого,130/6,fast_food,no_info,POINT (30.8031314 46.5947727)
Хінкальня,вулиця Ніни Строкатої,30,restaurant,georgean,POINT (30.7362351 46.4815084)
Хінкальня,Ланжерон пляж,33,restaurant,georgian,POINT (30.7636771 46.4760345)
Цезарь,Дерибасовская улица,10,restaurant,no_info,POINT (30.7419193 46.4840058)
Циплята Табака,,,restaurant,no_info,POINT (30.740224 46.4841086)
Цукерня,,,cafe,cake;coffee_shop,POINT (30.7291932 46.4825531)
ЧаЧа,,,restaurant,no_info,POINT (30.7552531 46.4718629)
Чайка,,,cafe,no_info,POINT (30.762392 46.5527934)
Чайка,,,cafe,regional,POINT (30.762196 46.4297398)
Чайна симфонія,,,cafe,no_info,POINT (30.7340113 46.4701261)
Чайний пʼяниця,,,cafe,no_info,POINT (30.7343 46.47712)
Чашка,,,cafe,no_info,POINT (30.7490812 46.4793035)
Чебуречна,Олександрівський проспект,7,cafe,cheburek,POINT (30.735634 46.4803194)
Черепашка,,,bar,no_info,POINT (30.7450956 46.3872739)
Чернослив,Ланжеронівська вулиця,24,cafe,regional;international,POINT (30.7387037 46.4852592)
Черчилль,,,pub,no_info,POINT (30.7492457 46.4792687)
ЧеховSKY,Аркадійська алея,1,cafe,international,POINT (30.7661135 46.4287637)
Чьо Pizzeria,,,cafe,pizza,POINT (30.7395997 46.4669125)
Чіко,,,cafe,grill,POINT (30.7205435 46.4813246)
Шалений француз,,,cafe,no_info,POINT (30.7349877 46.4836603)
Шаурма,,,fast_food,no_info,POINT (30.7296696 46.4072891)
Шаурма,,,cafe,no_info,POINT (30.723758 46.498409)
Шаурма,,,fast_food,shawarma,POINT (30.7949185 46.5703637)
Шаурма,,,fast_food,sandwich,POINT (30.7087961 46.4358036)
Шаурма,,,fast_food,no_info,POINT (30.7364219 46.4692869)
Шаурма & Бургери,,,fast_food,shawarma,POINT (30.8033244 46.5845186)
Шаурма 24/7,проспект Князя Володимира Великого,114/2а,fast_food,shawarma,POINT (30.7932067 46.5880342)
Шаурма Алі Баба,,,cafe,no_info,POINT (30.7329275 46.3991177)
Шаурма У Дерева,Десантний бульвар,,fast_food,shawarma,POINT (30.7905477 46.5758649)
Шаурма кури гриль,,,fast_food,no_info,POINT (30.7313558 46.4738203)
Шаурма у Рамi,,,fast_food,arab;burger;hot_dog;sandwich,POINT (30.7151151 46.4332229)
Шаурма №1,провулок Некрасова,7,fast_food,shawarma,POINT (30.7334805 46.4885272)
Шаурма.,,,restaurant,no_info,POINT (30.7235587 46.3982156)
Шаурмен #1,,,fast_food,burger;chicken;hotdog;pizza;sandwich;sushi,POINT (30.7327463 46.4835008)
Шерлок Холмс,,,restaurant,no_info,POINT (30.7441883 46.4806115)
Шико,Грецька вулиця,50,cafe,breakfast;coffee_shop,POINT (30.7333831 46.4831832)
Шико,,,cafe,no_info,POINT (30.7390128 46.4868067)
Шоколад,,,cafe,no_info,POINT (30.7346309 46.4697231)
Шоколадний будинок,,,cafe,no_info,POINT (30.7497678 46.4792707)
Штрудель,,,cafe,no_info,POINT (30.7584237 46.4208585)
Штрудель,Люстдорфська дорога,55,cafe,tea;cake;coffee_shop,POINT (30.7255178 46.4216874)
Штрудель,,,cafe,japanese;thai;sushi,POINT (30.7535697 46.4658921)
Штрудель,вулиця Макаренка,2а,cafe,coffee,POINT (30.7416674 46.4007902)
Штрудель,,,cafe,cake;tea;coffee_shop,POINT (30.7498315 46.4420406)
Шу-Шу,,,cafe,no_info,POINT (30.7505312 46.461975)
Щастя,вулиця Ніни Строкатої,21,restaurant,regional;international,POINT (30.7409271 46.4808485)
Щастя,,,restaurant,no_info,POINT (30.7402428 46.4851389)
Юн,,,cafe,chinese,POINT (30.7533383 46.4536528)
Яхонт,,,bar,no_info,POINT (30.7311881 46.4726973)
бургер,,,fast_food,no_info,POINT (30.7654177 46.4770682)
,,,bar,no_info,POINT (30.7311868 46.3947986)
,,,restaurant,no_info,POINT (30.7314121 46.394843)
,,,cafe,no_info,POINT (30.7581835 46.4400259)
,,,cafe,no_info,POINT (30.727063 46.4112579)
,,,fast_food,no_info,POINT (30.724476 46.397864)
,,,cafe,no_info,POINT (30.7242726 46.3908057)
,,,restaurant,no_info,POINT (30.7545207 46.4734198)
,,,cafe,no_info,POINT (30.7504273 46.4690058)
,,,cafe,no_info,POINT (30.7397443 46.4674923)
,,,bar,no_info,POINT (30.7124674 46.4495427)
,,,cafe,no_info,POINT (30.7316274 46.4909643)
,,,restaurant,no_info,POINT (30.7390295 46.4728498)
,,,cafe,no_info,POINT (30.7195182 46.4833019)
,,,cafe,no_info,POINT (30.7400286 46.4672823)
,,,cafe,no_info,POINT (30.740884 46.4677341)
,,,cafe,no_info,POINT (30.7478467 46.4343896)
,,,bar,no_info,POINT (30.72827 46.4538616)
,,,fast_food,no_info,POINT (30.7632692 46.5541796)
,,,fast_food,no_info,POINT (30.7393537 46.4742029)
,,,cafe,no_info,POINT (30.7232163 46.4763257)
,,,cafe,regional,POINT (30.7245205 46.4881292)
,,,cafe,no_info,POINT (30.6728498 46.4791197)
,,,restaurant,no_info,POINT (30.7498346 46.4628633)
,,,cafe,no_info,POINT (30.7349604 46.4834181)
,,,cafe,no_info,POINT (30.7242913 46.499663)
,,,fast_food,no_info,POINT (30.732807 46.4839756)
,,,cafe,no_info,POINT (30.7576941 46.4616501)
,,,cafe,no_info,POINT (30.701743 46.3501001)
,,,cafe,no_info,POINT (30.7368942 46.4724836)
,,,fast_food,shawarma,POINT (30.7886948 46.566199)
,,,cafe,no_info,POINT (30.7420198 46.4711597)
,,,fast_food,no_info,POINT (30.7716986 46.4447354)
,,,cafe,no_info,POINT (30.7210866 46.4540729)
,,,cafe,no_info,POINT (30.7530914 46.4315072)
,,,cafe,no_info,POINT (30.7237186 46.4118018)
,,,cafe,no_info,POINT (30.7319009 46.4821588)
,,,cafe,no_info,POINT (30.7044592 46.4400018)
,,,cafe,no_info,POINT (30.7326981 46.4715578)
,,,cafe,no_info,POINT (30.7313602 46.3727699)
,,,fast_food,no_info,POINT (30.7527026 46.4829881)
,,,fast_food,no_info,POINT (30.7873245 46.5815956)
,,,fast_food,no_info,POINT (30.7361626 46.4841046)
,,,cafe,no_info,POINT (30.7364267 46.4840884)
,,,cafe,coffee_shop,POINT (30.736648 46.4840644)
,вулиця Академіка Заболотного,,fast_food,shawarma;hot_dog,POINT (30.7888979 46.5809142)
,,,cafe,coffee_shop,POINT (30.7972451 46.5757383)
,,,cafe,no_info,POINT (30.7311738 46.426841)
,,,cafe,no_info,POINT (30.7300287 46.4272136)
,,,cafe,coffee_shop,POINT (30.7937477 46.5836481)
,,,cafe,no_info,POINT (30.7928352 46.5742313)
,проспект Князя Володимира Великого,98,fast_food,shawarma;burger;hot_dog,POINT (30.785171 46.5813569)
,,,cafe,coffee_shop,POINT (30.7906075 46.5756044)
,,,cafe,coffee_shop,POINT (30.7902214 46.5760883)
,,,restaurant,no_info,POINT (30.7507468 46.4276964)
,,,cafe,no_info,POINT (30.7547431 46.4223214)
,,,cafe,no_info,POINT (30.7615029 46.4198563)
,,,cafe,no_info,POINT (30.755057 46.4787662)
,,,cafe,no_info,POINT (30.75504 46.4787229)
,,,cafe,no_info,POINT (30.7550288 46.4786834)
,,,cafe,no_info,POINT (30.7216727 46.3749406)
,,,restaurant,sushi,POINT (30.7269762 46.4361744)
,,,cafe,no_info,POINT (30.7315298 46.4058305)
,,,restaurant,pizza,POINT (30.747507 46.4332038)
,,,fast_food,no_info,POINT (30.7556613 46.4400853)
,,,cafe,no_info,POINT (30.7255257 46.4222039)
,,,cafe,no_info,POINT (30.7958037 46.5836451)
,,,cafe,coffee_shop,POINT (30.7265674 46.4813316)
,,,cafe,coffee_shop,POINT (30.7313516 46.4306174)
,,,cafe,no_info,POINT (30.7281416 46.4324169)
,,,restaurant,no_info,POINT (30.7358603 46.4063875)
,,,cafe,no_info,POINT (30.748134 46.433885)
,,,cafe,no_info,POINT (30.74784 46.4344843)
,,,cafe,no_info,POINT (30.7454847 46.4327375)
,вулиця Богдана Хмельницького,98,cafe,american;arab;burger;coffee_shop;grill;hotdog;oriental,POINT (30.7141132 46.4633085)
,,,cafe,no_info,POINT (30.7292817 46.4256829)
,,,cafe,no_info,POINT (30.7252072 46.4128291)
