Store,Model,Memory,Price,Link,Details,Color
Rozetka,iPhone 16 Pro,128,51499,https://rozetka.com.ua/ua/apple-myng3sx-a/p448744745/,Мобільний телефон Apple iPhone 16 Pro 128GB Natural Titanium (MYNG3SX/A),Natural Titanium
Comfy,iPhone 16 Pro,128,51499,https://comfy.ua/ua/smartfon-apple-iphone-16-pro-128gb-natural-titanium.html,Смартфон Apple iPhone 16 Pro 128Gb Natural Titanium,Natural Titanium
Citrus,iPhone 16 Pro,128,51499,https://www.ctrs.com.ua/smartfony/iphone-16-pro-128gb-natural-titanium-apple-752251.html,✔️ Apple iPhone 16 Pro 128GB Natural Titanium (MYNG3),Natural Titanium
Citrus,iPhone 16 Pro,256,56699,https://www.ctrs.com.ua/smartfony/iphone-16-pro-256gb-natural-titanium-apple-752219.html,✔️ Apple iPhone 16 Pro 256GB Natural Titanium (MYNL3),Natural Titanium
Comfy,iPhone 16 Pro,256,56699,https://comfy.ua/ua/smartfon-apple-iphone-16-pro-256gb-natural-titanium.html,Смартфон Apple iPhone 16 Pro 256Gb Natural Titanium,Natural Titanium
Rozetka,iPhone 16 Pro,256,56699,https://rozetka.com.ua/ua/apple-mynl3sx-a/p448428584/,Мобільний телефон Apple iPhone 16 Pro 256GB Natural Titanium (MYNL3SX/A),Natural Titanium
Citrus,iPhone 16 Pro Max,256,62799,https://www.ctrs.com.ua/smartfony/iphone-16-pro-max-256gb-natural-titanium-apple-752239.html,✔️ Apple iPhone 16 Pro Max 256GB Natural Titanium (MYWY3),Natural Titanium
Rozetka,iPhone 16 Pro Max,256,62799,https://rozetka.com.ua/ua/apple-mywy3sx-a/p448428626/,Мобільний телефон Apple iPhone 16 Pro Max 256GB Natural Titanium (MYWY3SX/A),Natural Titanium
Comfy,iPhone 16 Pro Max,256,62799,https://comfy.ua/ua/smartfon-apple-iphone-16-pro-max-256gb-natural-titanium.html,Смартфон Apple iPhone 16 Pro Max 256Gb Natural Titanium,Natural Titanium
Comfy,iPhone 16 Pro,512,66899,https://comfy.ua/ua/smartfon-apple-iphone-16-pro-512gb-natural-titanium.html,Смартфон Apple iPhone 16 Pro 512Gb Natural Titanium,Natural Titanium
Citrus,iPhone 16 Pro,512,66899,https://www.ctrs.com.ua/smartfony/iphone-16-pro-512gb-natural-titanium-apple-752226.html,✔️ Apple iPhone 16 Pro 512GB Natural Titanium (MYNQ3),Natural Titanium
Rozetka,iPhone 16 Pro,512,66899,https://rozetka.com.ua/ua/apple-mynq3sx-a/p448428599/,Мобільний телефон Apple iPhone 16 Pro 512GB Natural Titanium (MYNQ3SX/A),Natural Titanium
Rozetka,iPhone 16 Pro Max,512,73099,https://rozetka.com.ua/ua/apple-myx33sx-a/p448428638/,Мобільний телефон Apple iPhone 16 Pro Max 512GB Natural Titanium (MYX33SX/A),Natural Titanium
Citrus,iPhone 16 Pro Max,512,73099,https://www.ctrs.com.ua/smartfony/iphone-16-pro-max-512gb-natural-titanium-apple-752242.html,✔️ Apple iPhone 16 Pro Max 512GB Natural Titanium (MYX33),Natural Titanium
Comfy,iPhone 16 Pro Max,512,73099,https://comfy.ua/ua/smartfon-apple-iphone-16-pro-max-512gb-natural-titanium.html,Смартфон Apple iPhone 16 Pro Max 512Gb Natural Titanium,Natural Titanium
Comfy,iPhone 16 Pro,1024,77199,https://comfy.ua/ua/smartfon-apple-iphone-16-pro-1tb-natural-titanium.html,Смартфон Apple iPhone 16 Pro 1Tb Natural Titanium,Natural Titanium
Rozetka,iPhone 16 Pro,1024,77199,https://rozetka.com.ua/ua/apple-mynx3sx-a/p448428611/,Мобільний телефон Apple iPhone 16 Pro 1TB Natural Titanium (MYNX3SX/A),Natural Titanium
Citrus,iPhone 16 Pro,1024,77199,https://www.ctrs.com.ua/smartfony/iphone-16-pro-1tb-natural-titanium-apple-752231.html,✔️ Apple iPhone 16 Pro 1TB Natural Titanium (MYNX3),Natural Titanium
Comfy,iPhone 16 Pro Max,1024,83399,https://comfy.ua/ua/smartfon-apple-iphone-16-pro-max-1tb-natural-titanium.html,Смартфон Apple iPhone 16 Pro Max 1Tb Natural Titanium,Natural Titanium
Citrus,iPhone 16 Pro Max,1024,83399,https://www.ctrs.com.ua/smartfony/iphone-16-pro-max-1tb-natural-titanium-apple-752246.html,✔️ Apple iPhone 16 Pro Max 1TB Natural Titanium (MYX73),Natural Titanium
Rozetka,iPhone 16 Pro Max,1024,83399,https://rozetka.com.ua/ua/apple-myx73sx-a/p448428650/,Мобільний телефон Apple iPhone 16 Pro Max 1TB Natural Titanium (MYX73SX/A),Natural Titanium
