Store,Model,Memory,Price,Link,Details
Citrus,iPhone 16,128,37999,https://www.ctrs.com.ua/smartfony/iphone-16-128gb-pink-apple-752182.html,✔️ Apple iPhone 16 128GB Pink (MYEA3)
Rozetka,iPhone 16,128,37999,https://rozetka.com.ua/ua/apple-mye93sx-a/p448428488/,Мобільний телефон Apple iPhone 16 128GB White (MYE93SX/A)
Rozetka,iPhone 16,128,37999,https://rozetka.com.ua/ua/apple-myed3sx-a/p448428491/,Мобільний телефон Apple iPhone 16 128GB Teal (MYED3SX/A)
Rozetka,iPhone 16,128,37999,https://rozetka.com.ua/ua/apple-myec3sx-a/p448428497/,Мобільний телефон Apple iPhone 16 128GB Ultramarine (MYEC3SX/A)
Citrus,iPhone 16,128,37999,https://www.ctrs.com.ua/smartfony/iphone-16-128gb-black-apple-752183.html,✔️ Apple iPhone 16 128GB Black (MYE73)
Citrus,iPhone 16,128,37999,https://www.ctrs.com.ua/smartfony/iphone-16-128gb-teal-apple-752181.html,✔️ Apple iPhone 16 128GB Teal (MYED3)
Citrus,iPhone 16,128,37999,https://www.ctrs.com.ua/smartfony/iphone-16-128gb-white-apple-752184.html,✔️ Apple iPhone 16 128GB White (MYE93)
Rozetka,iPhone 16,128,37999,https://rozetka.com.ua/ua/apple-mye73sx-a/p448428485/,Мобільний телефон Apple iPhone 16 128GB Black (MYE73SX/A)
Rozetka,iPhone 16,128,37999,https://rozetka.com.ua/ua/apple-myea3sx-a/p448428494/,Мобільний телефон Apple iPhone 16 128GB Pink (MYEA3SX/A)
Citrus,iPhone 16,128,37999,https://www.ctrs.com.ua/smartfony/iphone-16-128gb-ultramarine-apple-752179.html,✔️ Apple iPhone 16 128GB Ultramarine (MYEC3)
Comfy,iPhone 16,128,39999,https://comfy.ua/ua/smartfon-apple-iphone-16-128gb-black.html,Смартфон Apple iPhone 16 128Gb Black
Comfy,iPhone 16,128,39999,https://comfy.ua/ua/smartfon-apple-iphone-16-128gb-teal.html,Смартфон Apple iPhone 16 128Gb Teal
Comfy,iPhone 16,128,39999,https://comfy.ua/ua/smartfon-apple-iphone-16-128gb-pink.html,Смартфон Apple iPhone 16 128Gb Pink
Comfy,iPhone 16,128,39999,https://comfy.ua/ua/smartfon-apple-iphone-16-128gb-white.html,Смартфон Apple iPhone 16 128Gb White
Comfy,iPhone 16,128,39999,https://comfy.ua/ua/smartfon-apple-iphone-16-128gb-ultramarine.html,Смартфон Apple iPhone 16 128Gb Ultramarine
Rozetka,iPhone 16,256,42899,https://rozetka.com.ua/ua/apple-myee3sx-a/p448428500/,Мобільний телефон Apple iPhone 16 256GB Black (MYEE3SX/A)
Rozetka,iPhone 16,256,42899,https://rozetka.com.ua/ua/apple-myef3sx-a/p448428503/,Мобільний телефон Apple iPhone 16 256GB White (MYEF3SX/A)
Citrus,iPhone 16,256,42899,https://www.ctrs.com.ua/smartfony/iphone-16-256gb-white-apple-752190.html,✔️ Apple iPhone 16 256GB White (MYEF3)
Citrus,iPhone 16,256,42899,https://www.ctrs.com.ua/smartfony/iphone-16-256gb-teal-apple-752188.html,✔️ Apple iPhone 16 256GB Teal (MYEJ3)
Rozetka,iPhone 16,256,42899,https://rozetka.com.ua/ua/apple-myej3sx-a/p448428506/,Мобільний телефон Apple iPhone 16 256GB Teal (MYEJ3SX/A)
Citrus,iPhone 16,256,42899,https://www.ctrs.com.ua/smartfony/iphone-16-256gb-pink-apple-752187.html,✔️ Apple iPhone 16 256GB Pink (MYEG3)
Citrus,iPhone 16,256,42899,https://www.ctrs.com.ua/smartfony/iphone-16-256gb-black-apple-752186.html,✔️ Apple iPhone 16 256GB Black (MYEE3)
Rozetka,iPhone 16,256,42899,https://rozetka.com.ua/ua/apple-myeg3sx-a/p448428509/,Мобільний телефон Apple iPhone 16 256GB Pink (MYEG3SX/A)
Rozetka,iPhone 16,256,42899,https://rozetka.com.ua/ua/apple-myeh3sx-a/p448428512/,Мобільний телефон Apple iPhone 16 256GB Ultramarine (MYEH3SX/A)
Citrus,iPhone 16,256,42899,https://www.ctrs.com.ua/smartfony/iphone-16-256gb-ultramarine-apple-752189.html,✔️ Apple iPhone 16 256GB Ultramarine (MYEH3)
Citrus,iPhone 16 Plus,128,44899,https://www.ctrs.com.ua/smartfony/iphone-16-plus-128gb-teal-apple-752203.html,✔️ Apple iPhone 16 Plus 128GB Teal (MXVY3)
Comfy,iPhone 16 Plus,128,44899,https://comfy.ua/ua/smartfon-apple-iphone-16-plus-128gb-blue.html,Смартфон Apple iPhone 16 Plus 128Gb Ultramarine
Comfy,iPhone 16 Plus,128,44899,https://comfy.ua/ua/smartfon-apple-iphone-16-plus-128gb-black.html,Смартфон Apple iPhone 16 Plus 128Gb Black
Comfy,iPhone 16 Plus,128,44899,https://comfy.ua/ua/smartfon-apple-iphone-16-plus-128gb-green.html,Смартфон Apple iPhone 16 Plus 128Gb Teal
Rozetka,iPhone 16 Plus,128,44899,https://rozetka.com.ua/ua/apple-mxvu3sx-a/p448428530/,Мобільний телефон Apple iPhone 16 Plus 128GB Black (MXVU3SX/A)
Rozetka,iPhone 16 Plus,128,44899,https://rozetka.com.ua/ua/apple-mxvv3sx-a/p448428533/,Мобільний телефон Apple iPhone 16 Plus 128GB White (MXVV3SX/A)
Citrus,iPhone 16 Plus,128,44899,https://www.ctrs.com.ua/smartfony/iphone-16-plus-128gb-ultramarine-apple-752204.html,✔️ Apple iPhone 16 Plus 128GB Ultramarine (MXVX3S)
Citrus,iPhone 16 Plus,128,44899,https://www.ctrs.com.ua/smartfony/iphone-16-plus-128gb-black-apple-752201.html,✔️ Apple iPhone 16 Plus 128GB Black (MXVU3)
Citrus,iPhone 16 Plus,128,44899,https://www.ctrs.com.ua/smartfony/iphone-16-plus-128gb-white-apple-752205.html,✔️ Apple iPhone 16 Plus 128GB White (MXVV3)
Citrus,iPhone 16 Plus,128,44899,https://www.ctrs.com.ua/smartfony/iphone-16-plus-128gb-pink-apple-752202.html,✔️ Apple iPhone 16 Plus 128GB Pink (MXVW3)
Rozetka,iPhone 16 Plus,128,44899,https://rozetka.com.ua/ua/apple-mxvw3sx-a/p448428539/,Мобільний телефон Apple iPhone 16 Plus 128GB Pink (MXVW3SX/A)
Rozetka,iPhone 16 Plus,128,44899,https://rozetka.com.ua/ua/apple-mxvy3sx-a/p448428536/,Мобільний телефон Apple iPhone 16 Plus 128GB Teal (MXVY3SX/A)
Rozetka,iPhone 16 Plus,128,44899,https://rozetka.com.ua/ua/apple-mxvx3sx-a/p448428542/,Мобільний телефон Apple iPhone 16 Plus 128GB Ultramarine (MXVX3SX/A)
Comfy,iPhone 16,256,45099,https://comfy.ua/ua/smartfon-apple-iphone-16-256gb-pink.html,Смартфон Apple iPhone 16 256Gb Pink
Comfy,iPhone 16,256,45099,https://comfy.ua/ua/smartfon-apple-iphone-16-256gb-black.html,Смартфон Apple iPhone 16 256Gb Black
Comfy,iPhone 16,256,45099,https://comfy.ua/ua/smartfon-apple-iphone-16-256gb-white.html,Смартфон Apple iPhone 16 256Gb White
Comfy,iPhone 16,256,45099,https://comfy.ua/ua/smartfon-apple-iphone-16-256gb-green.html,Смартфон Apple iPhone 16 256Gb Teal
Comfy,iPhone 16,256,45099,https://comfy.ua/ua/smartfon-apple-iphone-16-256gb-blue.html,Смартфон Apple iPhone 16 256Gb Ultramarine
Citrus,iPhone 16 Plus,256,49999,https://www.ctrs.com.ua/smartfony/iphone-16-plus-256gb-white-apple-752210.html,✔️ Apple iPhone 16 Plus 256GB White (MXWV3)
Rozetka,iPhone 16 Plus,256,49999,https://rozetka.com.ua/ua/apple-mxwv3sx-a/p448428548/,Мобільний телефон Apple iPhone 16 Plus 256GB White (MXWV3SX/A)
Rozetka,iPhone 16 Plus,256,49999,https://rozetka.com.ua/ua/apple-mxwn3sx-a/p448428545/,Мобільний телефон Apple iPhone 16 Plus 256GB Black (MXWN3SX/A)
Rozetka,iPhone 16 Plus,256,49999,https://rozetka.com.ua/ua/apple-mxy53sx-a/p448428551/,Мобільний телефон Apple iPhone 16 Plus 256GB Teal (MXY53SX/A)
Rozetka,iPhone 16 Plus,256,49999,https://rozetka.com.ua/ua/apple-mxy23sx-a/p448428557/,Мобільний телефон Apple iPhone 16 Plus 256GB Ultramarine (MXY23SX/A)
Citrus,iPhone 16 Plus,256,49999,https://www.ctrs.com.ua/smartfony/iphone-16-plus-256gb-ultramarine-apple-752209.html,✔️ Apple iPhone 16 Plus 256GB Ultramarine (MXY23)
Rozetka,iPhone 16 Plus,256,49999,https://rozetka.com.ua/ua/apple-mxy13sx-a/p448428554/,Мобільний телефон Apple iPhone 16 Plus 256GB Pink (MXY13SX/A)
Citrus,iPhone 16 Plus,256,49999,https://www.ctrs.com.ua/smartfony/iphone-16-plus-256gb-black-apple-752206.html,✔️ Apple iPhone 16 Plus 256GB Black (MXWN3)
Citrus,iPhone 16 Plus,256,49999,https://www.ctrs.com.ua/smartfony/iphone-16-plus-256gb-teal-apple-752208.html,✔️ Apple iPhone 16 Plus 256GB Teal (MXY53)
Citrus,iPhone 16 Plus,256,49999,https://www.ctrs.com.ua/smartfony/iphone-16-plus-256gb-pink-apple-752207.html,✔️ Apple iPhone 16 Plus 256GB Pink (MXY13)
Comfy,iPhone 16 Pro,128,51499,https://comfy.ua/ua/smartfon-apple-iphone-16-pro-128gb-black-titanium.html,Смартфон Apple iPhone 16 Pro 128Gb Black Titanium
Rozetka,iPhone 16 Pro,128,51499,https://rozetka.com.ua/ua/apple-mynd3sx-a/p448744730/,Мобільний телефон Apple iPhone 16 Pro 128GB Black Titanium (MYND3SX/A)
Rozetka,iPhone 16 Pro,128,51499,https://rozetka.com.ua/ua/apple-mynf3sx-a/p448744739/,Мобільний телефон Apple iPhone 16 Pro 128GB Desert Titanium (MYNF3SX/A)
Rozetka,iPhone 16 Pro,128,51499,https://rozetka.com.ua/ua/apple-myne3sx-a/p448744736/,Мобільний телефон Apple iPhone 16 Pro 128GB White Titanium (MYNE3SX/A)
Rozetka,iPhone 16 Pro,128,51499,https://rozetka.com.ua/ua/apple-myng3sx-a/p448744745/,Мобільний телефон Apple iPhone 16 Pro 128GB Natural Titanium (MYNG3SX/A)
Comfy,iPhone 16 Pro,128,51499,https://comfy.ua/ua/smartfon-apple-iphone-16-pro-128gb-desert-titanium.html,Смартфон Apple iPhone 16 Pro 128Gb Desert Titanium
Comfy,iPhone 16 Pro,128,51499,https://comfy.ua/ua/smartfon-apple-iphone-16-pro-128gb-natural-titanium.html,Смартфон Apple iPhone 16 Pro 128Gb Natural Titanium
Comfy,iPhone 16 Pro,128,51499,https://comfy.ua/ua/smartfon-apple-iphone-16-pro-128gb-white-titanium.html,Смартфон Apple iPhone 16 Pro 128Gb White Titanium
Citrus,iPhone 16 Pro,128,51499,https://www.ctrs.com.ua/smartfony/iphone-16-pro-128gb-black-titanium-apple-752249.html,✔️ Apple iPhone 16 Pro 128GB Black Titanium (MYND3)
Citrus,iPhone 16 Pro,128,51499,https://www.ctrs.com.ua/smartfony/iphone-16-pro-128gb-natural-titanium-apple-752251.html,✔️ Apple iPhone 16 Pro 128GB Natural Titanium (MYNG3)
Citrus,iPhone 16 Pro,128,51499,https://www.ctrs.com.ua/smartfony/iphone-16-pro-128gb-desert-titanium-apple-752252.html,✔️ Apple iPhone 16 Pro 128GB Desert Titanium (MYNF3)
Citrus,iPhone 16 Pro,128,51499,https://www.ctrs.com.ua/smartfony/iphone-16-pro-128gb-white-titanium-apple-752250.html,✔️ Apple iPhone 16 Pro 128GB White Titanium (MYNE3)
Citrus,iPhone 16,512,52499,https://www.ctrs.com.ua/smartfony/iphone-16-512gb-pink-apple-752193.html,✔️ Apple iPhone 16 512GB Pink (MYEQ3)
Citrus,iPhone 16,512,52499,https://www.ctrs.com.ua/smartfony/iphone-16-512gb-white-apple-752196.html,✔️ Apple iPhone 16 512GB White (MYEP3)
Citrus,iPhone 16,512,52499,https://www.ctrs.com.ua/smartfony/iphone-16-512gb-black-apple-752192.html,✔️ Apple iPhone 16 512GB Black (MYEK3)
Citrus,iPhone 16,512,52499,https://www.ctrs.com.ua/smartfony/iphone-16-512gb-ultramarine-apple-752195.html,✔️ Apple iPhone 16 512GB Ultramarine (MYER3)
Citrus,iPhone 16,512,52499,https://www.ctrs.com.ua/smartfony/iphone-16-512gb-teal-apple-752194.html,✔️ Apple iPhone 16 512GB Teal (MYEU3)
Citrus,iPhone 16 Pro,256,56699,https://www.ctrs.com.ua/smartfony/iphone-16-pro-256gb-desert-titanium-apple-752221.html,✔️ Apple iPhone 16 Pro 256GB Desert Titanium (MYNK3)
Citrus,iPhone 16 Pro,256,56699,https://www.ctrs.com.ua/smartfony/iphone-16-pro-256gb-white-titanium-apple-752220.html,✔️ Apple iPhone 16 Pro 256GB White Titanium (MYNJ3)
Comfy,iPhone 16 Pro,256,56699,https://comfy.ua/ua/smartfon-apple-iphone-16-pro-256gb-black-titanium.html,Смартфон Apple iPhone 16 Pro 256Gb Black Titanium
Comfy,iPhone 16 Pro,256,56699,https://comfy.ua/ua/smartfon-apple-iphone-16-pro-256gb-white-titanium.html,Смартфон Apple iPhone 16 Pro 256Gb White Titanium
Comfy,iPhone 16 Pro,256,56699,https://comfy.ua/ua/smartfon-apple-iphone-16-pro-256gb-desert-titanium.html,Смартфон Apple iPhone 16 Pro 256Gb Desert Titanium
Citrus,iPhone 16 Pro,256,56699,https://www.ctrs.com.ua/smartfony/iphone-16-pro-256gb-natural-titanium-apple-752219.html,✔️ Apple iPhone 16 Pro 256GB Natural Titanium (MYNL3)
Comfy,iPhone 16 Pro,256,56699,https://comfy.ua/ua/smartfon-apple-iphone-16-pro-256gb-natural-titanium.html,Смартфон Apple iPhone 16 Pro 256Gb Natural Titanium
Citrus,iPhone 16 Pro,256,56699,https://www.ctrs.com.ua/smartfony/iphone-16-pro-256gb-black-titanium-apple-752218.html,✔️ Apple iPhone 16 Pro 256GB Black Titanium (MYNH3)
Rozetka,iPhone 16 Pro,256,56699,https://rozetka.com.ua/ua/apple-mynh3sx-a/p448428575/,Мобільний телефон Apple iPhone 16 Pro 256GB Black Titanium (MYNH3SX/A)
Rozetka,iPhone 16 Pro,256,56699,https://rozetka.com.ua/ua/apple-mynk3sx-a/p448428581/,Мобільний телефон Apple iPhone 16 Pro 256GB Desert Titanium (MYNK3SX/A)
Rozetka,iPhone 16 Pro,256,56699,https://rozetka.com.ua/ua/apple-mynj3sx-a/p448428578/,Мобільний телефон Apple iPhone 16 Pro 256GB White Titanium (MYNJ3SX/A)
Rozetka,iPhone 16 Pro,256,56699,https://rozetka.com.ua/ua/apple-mynl3sx-a/p448428584/,Мобільний телефон Apple iPhone 16 Pro 256GB Natural Titanium (MYNL3SX/A)
Citrus,iPhone 16 Plus,512,60099,https://www.ctrs.com.ua/smartfony/iphone-16-plus-512gb-teal-apple-752213.html,✔️ Apple iPhone 16 Plus 512GB Teal (MY2J3S)
Citrus,iPhone 16 Plus,512,60099,https://www.ctrs.com.ua/smartfony/iphone-16-plus-512gb-black-apple-752211.html,✔️ Apple iPhone 16 Plus 512GB Black (MY1P3)
Citrus,iPhone 16 Plus,512,60099,https://www.ctrs.com.ua/smartfony/iphone-16-plus-512gb-pink-apple-752212.html,✔️ Apple iPhone 16 Plus 512GB Pink (MY253)
Citrus,iPhone 16 Plus,512,60099,https://www.ctrs.com.ua/smartfony/iphone-16-plus-512gb-ultramarine-apple-752214.html,✔️ Apple iPhone 16 Plus 512GB Ultramarine (MY2D3)
Citrus,iPhone 16 Plus,512,60099,https://www.ctrs.com.ua/smartfony/iphone-16-plus-512gb-white-apple-752215.html,✔️ Apple iPhone 16 Plus 512GB White (MY1X3)
Comfy,iPhone 16 Pro Max,256,62799,https://comfy.ua/ua/smartfon-apple-iphone-16-pro-max-256gb-desert-titanium.html,Смартфон Apple iPhone 16 Pro Max 256Gb Desert Titanium
Citrus,iPhone 16 Pro Max,256,62799,https://www.ctrs.com.ua/smartfony/iphone-16-pro-max-256gb-black-titanium-apple-752236.html,✔️ Apple iPhone 16 Pro Max 256GB Black Titanium (MYWV3S)
Citrus,iPhone 16 Pro Max,256,62799,https://www.ctrs.com.ua/smartfony/iphone-16-pro-max-256gb-natural-titanium-apple-752239.html,✔️ Apple iPhone 16 Pro Max 256GB Natural Titanium (MYWY3)
Rozetka,iPhone 16 Pro Max,256,62799,https://rozetka.com.ua/ua/apple-mywv3sx-a/p448428614/,Мобільний телефон Apple iPhone 16 Pro Max 256GB Black Titanium (MYWV3SX/A)
Rozetka,iPhone 16 Pro Max,256,62799,https://rozetka.com.ua/ua/apple-mywx3sx-a/p448428623/,Мобільний телефон Apple iPhone 16 Pro Max 256GB Desert Titanium (MYWX3SX/A)
Rozetka,iPhone 16 Pro Max,256,62799,https://rozetka.com.ua/ua/apple-mywy3sx-a/p448428626/,Мобільний телефон Apple iPhone 16 Pro Max 256GB Natural Titanium (MYWY3SX/A)
Rozetka,iPhone 16 Pro Max,256,62799,https://rozetka.com.ua/ua/apple-myww3sx-a/p448428620/,Мобільний телефон Apple iPhone 16 Pro Max 256GB White Titanium (MYWW3SX/A)
Citrus,iPhone 16 Pro Max,256,62799,https://www.ctrs.com.ua/smartfony/iphone-16-pro-max-256gb-white-titanium-apple-752237.html,✔️ Apple iPhone 16 Pro Max 256GB White Titanium (MYWW3)
Comfy,iPhone 16 Pro Max,256,62799,https://comfy.ua/ua/smartfon-apple-iphone-16-pro-max-256gb-white-titanium.html,Смартфон Apple iPhone 16 Pro Max 256Gb White Titanium
Comfy,iPhone 16 Pro Max,256,62799,https://comfy.ua/ua/smartfon-apple-iphone-16-pro-max-256gb-natural-titanium.html,Смартфон Apple iPhone 16 Pro Max 256Gb Natural Titanium
Comfy,iPhone 16 Pro Max,256,62799,https://comfy.ua/ua/smartfon-apple-iphone-16-pro-max-256gb-black-titanium.html,Смартфон Apple iPhone 16 Pro Max 256Gb Black Titanium
Citrus,iPhone 16 Pro Max,256,62799,https://www.ctrs.com.ua/smartfony/iphone-16-pro-max-256gb-desert-titanium-apple-752238.html,✔️ Apple iPhone 16 Pro Max 256GB Desert Titanium (MYWX3)
Comfy,iPhone 16 Pro,512,66899,https://comfy.ua/ua/smartfon-apple-iphone-16-pro-512gb-natural-titanium.html,Смартфон Apple iPhone 16 Pro 512Gb Natural Titanium
Citrus,iPhone 16 Pro,512,66899,https://www.ctrs.com.ua/smartfony/iphone-16-pro-512gb-black-titanium-apple-752224.html,✔️ Apple iPhone 16 Pro 512GB Black Titanium (MYNM3)
Citrus,iPhone 16 Pro,512,66899,https://www.ctrs.com.ua/smartfony/iphone-16-pro-512gb-natural-titanium-apple-752226.html,✔️ Apple iPhone 16 Pro 512GB Natural Titanium (MYNQ3)
Comfy,iPhone 16 Pro,512,66899,https://comfy.ua/ua/smartfon-apple-iphone-16-pro-512gb-desert-titanium.html,Смартфон Apple iPhone 16 Pro 512Gb Desert Titanium
Comfy,iPhone 16 Pro,512,66899,https://comfy.ua/ua/smartfon-apple-iphone-16-pro-512gb-black-titanium.html,Смартфон Apple iPhone 16 Pro 512Gb Black Titanium
Rozetka,iPhone 16 Pro,512,66899,https://rozetka.com.ua/ua/apple-mynm3sx-a/p448428587/,Мобільний телефон Apple iPhone 16 Pro 512GB Black Titanium (MYNM3SX/A)
Rozetka,iPhone 16 Pro,512,66899,https://rozetka.com.ua/ua/apple-mynp3sx-a/p448428593/,Мобільний телефон Apple iPhone 16 Pro 512GB Desert Titanium (MYNP3SX/A)
Rozetka,iPhone 16 Pro,512,66899,https://rozetka.com.ua/ua/apple-mynq3sx-a/p448428599/,Мобільний телефон Apple iPhone 16 Pro 512GB Natural Titanium (MYNQ3SX/A)
Citrus,iPhone 16 Pro,512,66899,https://www.ctrs.com.ua/smartfony/iphone-16-pro-512gb-desert-titanium-apple-752227.html,✔️ Apple iPhone 16 Pro 512GB Desert Titanium (MYNP3)
Rozetka,iPhone 16 Pro,512,66899,https://rozetka.com.ua/ua/apple-mynn3sx-a/p448428590/,Мобільний телефон Apple iPhone 16 Pro 512GB White Titanium (MYNN3SX/A)
Comfy,iPhone 16 Pro,512,66899,https://comfy.ua/ua/smartfon-apple-iphone-16-pro-512gb-white-titanium.html,Смартфон Apple iPhone 16 Pro 512Gb White Titanium
Citrus,iPhone 16 Pro,512,66899,https://www.ctrs.com.ua/smartfony/iphone-16-pro-512gb-white-titanium-apple-752225.html,✔️ Apple iPhone 16 Pro 512GB White Titanium (MYNN3)
Rozetka,iPhone 16 Pro Max,512,73099,https://rozetka.com.ua/ua/apple-myx03sx-a/p448428629/,Мобільний телефон Apple iPhone 16 Pro Max 512GB Black Titanium (MYX03SX/A)
Citrus,iPhone 16 Pro Max,512,73099,https://www.ctrs.com.ua/smartfony/iphone-16-pro-max-512gb-white-titanium-apple-752241.html,✔️ Apple iPhone 16 Pro Max 512GB White Titanium (MYX13)
Rozetka,iPhone 16 Pro Max,512,73099,https://rozetka.com.ua/ua/apple-myx23sx-a/p448428635/,Мобільний телефон Apple iPhone 16 Pro Max 512GB Desert Titanium (MYX23SX/A)
Rozetka,iPhone 16 Pro Max,512,73099,https://rozetka.com.ua/ua/apple-myx33sx-a/p448428638/,Мобільний телефон Apple iPhone 16 Pro Max 512GB Natural Titanium (MYX33SX/A)
Citrus,iPhone 16 Pro Max,512,73099,https://www.ctrs.com.ua/smartfony/iphone-16-pro-max-512gb-natural-titanium-apple-752242.html,✔️ Apple iPhone 16 Pro Max 512GB Natural Titanium (MYX33)
Rozetka,iPhone 16 Pro Max,512,73099,https://rozetka.com.ua/ua/apple-myx13sx-a/p448428632/,Мобільний телефон Apple iPhone 16 Pro Max 512GB White Titanium (MYX13SX/A)
Citrus,iPhone 16 Pro Max,512,73099,https://www.ctrs.com.ua/smartfony/iphone-16-pro-max-512gb-desert-titanium-apple-752243.html,✔️ Apple iPhone 16 Pro Max 512GB Desert Titanium (MYX23)
Comfy,iPhone 16 Pro Max,512,73099,https://comfy.ua/ua/smartfon-apple-iphone-16-pro-max-512gb-desert-titanium.html,Смартфон Apple iPhone 16 Pro Max 512Gb Desert Titanium
Comfy,iPhone 16 Pro Max,512,73099,https://comfy.ua/ua/smartfon-apple-iphone-16-pro-max-512gb-black-titanium.html,Смартфон Apple iPhone 16 Pro Max 512Gb Black Titanium
Comfy,iPhone 16 Pro Max,512,73099,https://comfy.ua/ua/smartfon-apple-iphone-16-pro-max-512gb-natural-titanium.html,Смартфон Apple iPhone 16 Pro Max 512Gb Natural Titanium
Comfy,iPhone 16 Pro Max,512,73099,https://comfy.ua/ua/smartfon-apple-iphone-16-pro-max-512gb-white-titanium.html,Смартфон Apple iPhone 16 Pro Max 512Gb White Titanium
Citrus,iPhone 16 Pro Max,512,73099,https://www.ctrs.com.ua/smartfony/iphone-16-pro-max-512gb-black-titanium-apple-752240.html,✔️ Apple iPhone 16 Pro Max 512GB Black Titanium (MYX03)
Comfy,iPhone 16 Pro,1024,77199,https://comfy.ua/ua/smartfon-apple-iphone-16-pro-1tb-natural-titanium.html,Смартфон Apple iPhone 16 Pro 1Tb Natural Titanium
Comfy,iPhone 16 Pro,1024,77199,https://comfy.ua/ua/smartfon-apple-iphone-16-pro-1tb-black-titanium.html,Смартфон Apple iPhone 16 Pro 1Tb Black Titanium
Comfy,iPhone 16 Pro,1024,77199,https://comfy.ua/ua/smartfon-apple-iphone-16-pro-1tb-white-titanium.html,Смартфон Apple iPhone 16 Pro 1Tb White Titanium
Rozetka,iPhone 16 Pro,1024,77199,https://rozetka.com.ua/ua/apple-mynt3sx-a/p448428605/,Мобільний телефон Apple iPhone 16 Pro 1TB White Titanium (MYNT3SX/A)
Rozetka,iPhone 16 Pro,1024,77199,https://rozetka.com.ua/ua/apple-mynx3sx-a/p448428611/,Мобільний телефон Apple iPhone 16 Pro 1TB Natural Titanium (MYNX3SX/A)
Rozetka,iPhone 16 Pro,1024,77199,https://rozetka.com.ua/ua/apple-mynr3sx-a/p448428602/,Мобільний телефон Apple iPhone 16 Pro 1TB Black Titanium (MYNR3SX/A)
Comfy,iPhone 16 Pro,1024,77199,https://comfy.ua/ua/smartfon-apple-iphone-16-pro-1tb-desert-titanium.html,Смартфон Apple iPhone 16 Pro 1Tb Desert Titanium
Rozetka,iPhone 16 Pro,1024,77199,https://rozetka.com.ua/ua/apple-mynw3sx-a/p448428608/,Мобільний телефон Apple iPhone 16 Pro 1TB Desert Titanium (MYNW3SX/A)
Citrus,iPhone 16 Pro,1024,77199,https://www.ctrs.com.ua/smartfony/iphone-16-pro-1tb-desert-titanium-apple-752230.html,✔️ Apple iPhone 16 Pro 1TB Desert Titanium (MYNW3)
Citrus,iPhone 16 Pro,1024,77199,https://www.ctrs.com.ua/smartfony/iphone-16-pro-1tb-white-titanium-apple-752229.html,✔️ Apple iPhone 16 Pro 1TB White Titanium (MYNT3)
Citrus,iPhone 16 Pro,1024,77199,https://www.ctrs.com.ua/smartfony/iphone-16-pro-1tb-natural-titanium-apple-752231.html,✔️ Apple iPhone 16 Pro 1TB Natural Titanium (MYNX3)
Citrus,iPhone 16 Pro,1024,77199,https://www.ctrs.com.ua/smartfony/iphone-16-pro-1tb-black-titanium-apple-752228.html,✔️ Apple iPhone 16 Pro 1TB Black Titanium (MYNR3)
Rozetka,iPhone 16 Pro Max,1024,83399,https://rozetka.com.ua/ua/apple-myx43sx-a/p448428641/,Мобільний телефон Apple iPhone 16 Pro Max 1TB Black Titanium (MYX43SX/A)
Citrus,iPhone 16 Pro Max,1024,83399,https://www.ctrs.com.ua/smartfony/iphone-16-pro-max-1tb-black-titanium-apple-752244.html,✔️ Apple iPhone 16 Pro Max 1TB Black Titanium (MYX43)
Comfy,iPhone 16 Pro Max,1024,83399,https://comfy.ua/ua/smartfon-apple-iphone-16-pro-max-1tb-desert-titanium.html,Смартфон Apple iPhone 16 Pro Max 1Tb Desert Titanium
Comfy,iPhone 16 Pro Max,1024,83399,https://comfy.ua/ua/smartfon-apple-iphone-16-pro-max-1tb-black-titanium.html,Смартфон Apple iPhone 16 Pro Max 1Tb Black Titanium
Comfy,iPhone 16 Pro Max,1024,83399,https://comfy.ua/ua/smartfon-apple-iphone-16-pro-max-1tb-natural-titanium.html,Смартфон Apple iPhone 16 Pro Max 1Tb Natural Titanium
Comfy,iPhone 16 Pro Max,1024,83399,https://comfy.ua/ua/smartfon-apple-iphone-16-pro-max-1tb-white-titanium.html,Смартфон Apple iPhone 16 Pro Max 1Tb White Titanium
Rozetka,iPhone 16 Pro Max,1024,83399,https://rozetka.com.ua/ua/apple-myx63sx-a/p448428647/,Мобільний телефон Apple iPhone 16 Pro Max 1TB Desert Titanium (MYX63SX/A)
Citrus,iPhone 16 Pro Max,1024,83399,https://www.ctrs.com.ua/smartfony/iphone-16-pro-max-1tb-white-titanium-apple-752245.html,✔️ Apple iPhone 16 Pro Max 1TB White Titanium (MYX53)
Citrus,iPhone 16 Pro Max,1024,83399,https://www.ctrs.com.ua/smartfony/iphone-16-pro-max-1tb-natural-titanium-apple-752246.html,✔️ Apple iPhone 16 Pro Max 1TB Natural Titanium (MYX73)
Citrus,iPhone 16 Pro Max,1024,83399,https://www.ctrs.com.ua/smartfony/iphone-16-pro-max-1tb-desert-titanium-apple-752247.html,✔️ Apple iPhone 16 Pro Max 1TB Desert Titanium (MYX63)
Rozetka,iPhone 16 Pro Max,1024,83399,https://rozetka.com.ua/ua/apple-myx73sx-a/p448428650/,Мобільний телефон Apple iPhone 16 Pro Max 1TB Natural Titanium (MYX73SX/A)
Rozetka,iPhone 16 Pro Max,1024,83399,https://rozetka.com.ua/ua/apple-myx53sx-a/p448428644/,Мобільний телефон Apple iPhone 16 Pro Max 1TB White Titanium (MYX53SX/A)
