name:en,addr:street,addr:housenumber,category,geometry
Odesa-Zakhidna,,,Transport Hub,POINT (30.6535539 46.4436583)
Silpo,,,Mall / Supermarket,POINT (30.714448300000004 46.414953)
Tavria V,,,Mall / Supermarket,POINT (30.724395000000005 46.3983613)
,,,Mall / Supermarket,POINT (30.777090800000003 46.56552549999999)
Kopiika,проспект Князя Володимира Великого,71/1,Mall / Supermarket,POINT (30.778761299999992 46.5728023)
Silpo,,,Mall / Supermarket,POINT (30.801659199999996 46.58245459999999)
Odesa-Poizna,,,Transport Hub,POINT (30.7084709 46.453638299999994)
Odesa-Zastava II,,,Transport Hub,POINT (30.68599259999999 46.4659986)
AlfaGravity,,,Sport Facility,POINT (30.7714886 46.44240039999999)
Odesa-Sortuvalna,,,Transport Hub,POINT (30.754747399999992 46.554253100000004)
Odesa-Peresyp,,,Transport Hub,POINT (30.7260172 46.52452579999999)
,,,Mall / Supermarket,POINT (30.747326 46.38987850000001)
,,,Office / Business Center,POINT (30.74276 46.4442501)
Kosmos,Генуезька вулиця,,Mall / Supermarket,POINT (30.757921700000004 46.4394539)
Tavria V,,,Mall / Supermarket,POINT (30.735509999999998 46.48261480000001)
Tavria V,,,Mall / Supermarket,POINT (30.708715099999992 46.396384999999995)
Silpo,,,Mall / Supermarket,POINT (30.7275534 46.4296895)
Tavria V,Дерибасівська вулиця,21,Mall / Supermarket,POINT (30.737494099999996 46.483997499999994)
TavriaV,,,Mall / Supermarket,POINT (30.748037099999998 46.44933219999999)
Tavria-V,,,Mall / Supermarket,POINT (30.7257555 46.42785020000001)
TavriaV,,,Mall / Supermarket,POINT (30.7243016 46.431602100000006)
TavriaV,Варненська вулиця,6,Mall / Supermarket,POINT (30.716825100000005 46.4262734)
TavriaV,вулиця Космонавтів,38,Mall / Supermarket,POINT (30.711776900000004 46.4290055)
Tavria V,проспект Князя Володимира Великого,123,Mall / Supermarket,POINT (30.788565699999996 46.5853609)
Tavria V,вулиця Академіка Вільямса,9а,Mall / Supermarket,POINT (30.7241637 46.390967399999994)
TavriaV,Колонтаївська вулиця,8/1,Mall / Supermarket,POINT (30.719708500000003 46.4760231)
Tavria-V,вулиця Новосельського,46а,Mall / Supermarket,POINT (30.720743899999995 46.4867165)
TavriaV,Пироговська вулиця,3,Mall / Supermarket,POINT (30.753373700000004 46.46379739999999)
Tavria V,проспект Шевченка,15/3,Mall / Supermarket,POINT (30.753780799999994 46.454031)
Tavria V,Комітетська вулиця,17/19,Mall / Supermarket,POINT (30.717146899999996 46.4701316)
,,,Mall / Supermarket,POINT (30.714745700000005 46.4423386)
Silpo,,,Mall / Supermarket,POINT (30.7172844 46.441113)
,,,Sport Facility,POINT (30.704560799999992 46.4838112)
Zhytomyrska,,,Transport Hub,POINT (30.6587891 46.462095899999994)
Virtus,,,Mall / Supermarket,POINT (30.707084200000004 46.4694146)
Santim,Троїцька вулиця,54,Mall / Supermarket,POINT (30.7331047 46.47731499999999)
,,,Mall / Supermarket,POINT (30.7132212 46.461452900000005)
Tavria V,вулиця Малішевського,50,Mall / Supermarket,POINT (30.683945 46.4482205)
Tavria V,,,Mall / Supermarket,POINT (30.7045586 46.4400858)
TavriaV,,,Mall / Supermarket,POINT (30.72003 46.450496199999996)
Tavria V,вулиця Академіка Сахарова,22,Mall / Supermarket,POINT (30.805356199999995 46.5739217)
,вулиця Ярослава Баїса,2а,Entertainment,POINT (30.8008794 46.58104509999999)
,,,Office / Business Center,POINT (30.7210839 46.4338601)
SGS Ukraine,,,Office / Business Center,POINT (30.723137600000005 46.5127491)
,,,Office / Business Center,POINT (30.72315529999999 46.39212259999999)
San Clean Int,,,Office / Business Center,POINT (30.7247011 46.515357699999996)
Computer Academy Shag,,,University,POINT (30.727772600000005 46.4870629)
Odesa-Port,,,Transport Hub,POINT (30.748414899999997 46.48572469999999)
,,,Office / Business Center,POINT (30.74524969999999 46.48104839999999)
Impel Griffin,,,Office / Business Center,POINT (30.735095900000005 46.48908599999999)
,,,Entertainment,POINT (30.74168 46.45971719999999)
ATB-Market,Середньофонтанська вулиця,12-А,Mall / Supermarket,POINT (30.7367643 46.4515112)
,,,Tourism / Beach,POINT (30.7449081 46.47476799999999)
,,,Mall / Supermarket,POINT (30.7041854 46.4431808)
,,,Sport Facility,POINT (30.7209103 46.3913584)
Obzhora,,,Mall / Supermarket,POINT (30.723377 46.4368622)
Tavria-V,,,Mall / Supermarket,POINT (30.7132971 46.460525399999995)
,,,Mall / Supermarket,POINT (30.744353399999994 46.476507000000005)
Tavria-V,,,Mall / Supermarket,POINT (30.743543799999994 46.443108699999996)
TavriaV,,,Mall / Supermarket,POINT (30.749091300000003 46.445879)
ATB-Market,,,Mall / Supermarket,POINT (30.7295674 46.390852699999996)
,Сегедська вулиця,21,Office / Business Center,POINT (30.743088100000005 46.4457934)
Silpo,,,Mall / Supermarket,POINT (30.7901998 46.5793196)
,,,Office / Business Center,POINT (30.717854100000004 46.403468999999994)
Tavria V,вулиця Академіка Вільямса,59-Л,Mall / Supermarket,POINT (30.731353999999996 46.3872191)
,,,Entertainment,POINT (30.749885100000004 46.4787533)
,,,Entertainment,POINT (30.757200899999997 46.4594433)
,,,Mall / Supermarket,POINT (30.750924900000005 46.4272446)
Obzhora,,,Mall / Supermarket,POINT (30.7279711 46.4823015)
,,,Transport Hub,POINT (30.655188 46.4775658)
,вулиця Ніни Строкатої,13,Office / Business Center,POINT (30.743550899999995 46.4804195)
Tavria V,,,Mall / Supermarket,POINT (30.793920900000003 46.5844855)
Lohika,вулиця Ніни Строкатої,1,Office / Business Center,POINT (30.7480096 46.48024370000001)
Honorary Consulate of the Slovak Republic,,,Office / Business Center,POINT (30.764897099999992 46.430043500000004)
,проспект Небесної Сотні,2,Entertainment,POINT (30.7094177 46.4157198)
,,,Mall / Supermarket,POINT (30.7095237 46.4503638)
,Преображенська вулиця,15,Office / Business Center,POINT (30.732647299999993 46.4868282)
Silpo,,,Mall / Supermarket,POINT (30.797432099999995 46.5753692)
Obzhora,,,Mall / Supermarket,POINT (30.7400187 46.47623759999999)
,Рішельєвська вулиця,31,Mall / Supermarket,POINT (30.7400249 46.4765115)
Disage,,,Mall / Supermarket,POINT (30.7532947 46.471789699999995)
,Середньофонтанська вулиця,19а,Mall / Supermarket,POINT (30.740626899999995 46.4581048)
,проспект Князя Ярослава Мудрого,26,Mall / Supermarket,POINT (30.717110500000004 46.39905579999999)
Tavria V,,,Mall / Supermarket,POINT (30.718937200000003 46.4684153)
Ukrferry,,,Office / Business Center,POINT (30.749190400000003 46.4795918)
Kopeyka,проспект Князя Володимира Великого,130/5,Mall / Supermarket,POINT (30.8026316 46.594640999999996)
Silpo,,,Mall / Supermarket,POINT (30.7894441 46.56788389999999)
Tavria-V,,,Mall / Supermarket,POINT (30.7119757 46.472622)
,вулиця Добровольців,18,Office / Business Center,POINT (30.749754200000005 46.44322590000001)
Obzhora,,,Mall / Supermarket,POINT (30.7392832 46.48614049999999)
,,,Entertainment,POINT (30.722356299999994 46.490178199999995)
,,,Sport Facility,POINT (30.796940999999997 46.575853)
Silpo,,,Mall / Supermarket,POINT (30.710589 46.41550300000001)
,,,Tourism / Beach,POINT (30.7636672 46.5517682)
Limon,,,Entertainment,POINT (30.765588000000005 46.5523141)
Florida,,,Entertainment,POINT (30.766102099999998 46.552433900000004)
Planeta Kino,вулиця Давида Ойстраха,32,Entertainment,POINT (30.793864400000004 46.5846343)
Silpo,,,Mall / Supermarket,POINT (30.800340500000004 46.58613)
,,,Mall / Supermarket,POINT (30.7388611 46.4721004)
,,,Entertainment,POINT (30.7247418 46.49666529999999)
,,,Tourism / Beach,POINT (30.7454543 46.3905849)
,,,University,POINT (30.739764300000004 46.4784591)
,,,University,POINT (30.744133 46.4787854)
,,,Office / Business Center,POINT (30.7503058 46.4815953)
,,,University,POINT (30.747224799999994 46.474466099999994)
,,,Office / Business Center,POINT (30.7360217 46.4756294)
,,,University,POINT (30.736261899999995 46.47552259999999)
,,,Office / Business Center,POINT (30.738969899999997 46.4729392)
,,,Office / Business Center,POINT (30.7427236 46.4692171)
,,,Office / Business Center,POINT (30.7426611 46.468976899999994)
Consulate of Slovenia,,,Office / Business Center,POINT (30.6796635 46.46633659999999)
Odesa-Holovna,,,Transport Hub,POINT (30.7406995 46.4666018)
,,,Sport Facility,POINT (30.7593613 46.43413089999999)
,,,Office / Business Center,POINT (30.7249658 46.50126269999999)
General consulate of Belarus,,,Office / Business Center,POINT (30.7554175 46.4712615)
General consulate of Armenia,,,Office / Business Center,POINT (30.7238262 46.47971879999999)
,,,Office / Business Center,POINT (30.769220199999996 46.4398583)
EUBAM UCRAINA,,,Office / Business Center,POINT (30.7549711 46.46662680000001)
Honorable consulate of Austria,,,Office / Business Center,POINT (30.7416002 46.48212339999999)
Honorary consulate of Germany,,,Office / Business Center,POINT (30.741983800000003 46.4847429)
,,,Office / Business Center,POINT (30.7481412 46.43870939999999)
,,,Office / Business Center,POINT (30.748055199999996 46.4386607)
,,,Office / Business Center,POINT (30.731775199999994 46.5295182)
,,,Office / Business Center,POINT (30.746305999999993 46.4380801)
TavriaV Headoffice,,,Office / Business Center,POINT (30.764852800000003 46.430152099999994)
,,,Office / Business Center,POINT (30.726571700000004 46.4285624)
Honorable consulate of Kazakhstan,,,Office / Business Center,POINT (30.728708400000002 46.47013239999999)
Honorable consulate of Lithuania republic,,,Office / Business Center,POINT (30.740380100000003 46.4764411)
Honorable consulate of South Africa,,,Office / Business Center,POINT (30.750526299999994 46.4832087)
Tavria V,,,Mall / Supermarket,POINT (30.727215299999997 46.4114631)
Tavria V,,,Mall / Supermarket,POINT (30.744918800000004 46.48049989999999)
,вулиця Академіка Філатова,15-а,Office / Business Center,POINT (30.721372999999993 46.433464900000004)
,Канатна вулиця,71,Entertainment,POINT (30.746978100000003 46.47024819999999)
,вулиця Ніни Строкатої,37,Office / Business Center,POINT (30.733724299999995 46.48135909999999)
,,,Office / Business Center,POINT (30.758931899999997 46.44493769999999)
,,,Office / Business Center,POINT (30.759851900000005 46.43200079999999)
,,,Sport Facility,POINT (30.723854000000003 46.412045)
,Італійська вулиця,75,Entertainment,POINT (30.741373099999997 46.4709045)
,,,Office / Business Center,POINT (30.746119099999998 46.46454469999999)
,,,Tourism / Beach,POINT (30.768058100000005 46.4461048)
,,,Office / Business Center,POINT (30.7479503 46.4797854)
,,,Office / Business Center,POINT (30.7341535 46.455037399999995)
,,,Office / Business Center,POINT (30.731214899999994 46.45447819999999)
Silpo,,,Mall / Supermarket,POINT (30.762119200000004 46.43201460000001)
Tavria V,вулиця Ніни Строкатої,21,Mall / Supermarket,POINT (30.740708100000003 46.4808575)
Dva Shaha,Грецька вулиця,19,Mall / Supermarket,POINT (30.740921500000002 46.482262399999996)
,вулиця Павла Зеленого,41,Office / Business Center,POINT (30.728854600000002 46.484339)
TavriaV,,,Mall / Supermarket,POINT (30.7649991 46.43119649999999)
,,,Mall / Supermarket,POINT (30.741871900000003 46.4367498)
Silpo,,,Mall / Supermarket,POINT (30.748592999999993 46.4381873)
,,,Office / Business Center,POINT (30.7968828 46.57790430000001)
,,,Office / Business Center,POINT (30.723920000000003 46.426285)
Thrash!,,,Mall / Supermarket,POINT (30.7920222 46.5717488)
,,,Sport Facility,POINT (30.709892999999994 46.45077369999999)
,,38,Office / Business Center,POINT (30.722329200000004 46.4878466)
Obzhora,,,Mall / Supermarket,POINT (30.721053500000004 46.4942485)
Kopeyka,вулиця Івана Франка,55,Mall / Supermarket,POINT (30.7410678 46.4314444)
,вулиця Інглезі,5,Office / Business Center,POINT (30.723163 46.4146888)
,,,Office / Business Center,POINT (30.743130999999998 46.45025100000001)
,,,Office / Business Center,POINT (30.7430989 46.4498629)
,,,Office / Business Center,POINT (30.743157899999993 46.4501475)
,,,Office / Business Center,POINT (30.743120299999998 46.449981199999996)
,,,Sport Facility,POINT (30.7096406 46.416853599999996)
,,,Sport Facility,POINT (30.716731099999997 46.4049304)
,,,Office / Business Center,POINT (30.799019199999996 46.58897580000001)
,,,Office / Business Center,POINT (30.799159699999997 46.58920789999999)
,,,Office / Business Center,POINT (30.7991185 46.589051399999995)
,,,Office / Business Center,POINT (30.7988921 46.58101249999999)
,,,Office / Business Center,POINT (30.799171600000005 46.5813933)
,,,Office / Business Center,POINT (30.79961 46.58201059999999)
Slon,,,Office / Business Center,POINT (30.799467000000003 46.58182029999999)
Hranat,,,Entertainment,POINT (30.739361000000002 46.48678530000001)
"""Privokzalnaya"" bus station",,,Transport Hub,POINT (30.7395833 46.4664026)
,,,Office / Business Center,POINT (30.723442500000004 46.49228719999999)
,,,Office / Business Center,POINT (30.747283800000005 46.4745259)
,,,Office / Business Center,POINT (30.744063100000005 46.4783039)
,,,Office / Business Center,POINT (30.747366700000004 46.47924789999999)
,,,Office / Business Center,POINT (30.716610000000003 46.474179199999995)
,,,Office / Business Center,POINT (30.716518799999996 46.4741866)
ATB-Market,,,Mall / Supermarket,POINT (30.720314900000005 46.47419599999999)
Sport Life,вулиця Затонського,32,Sport Facility,POINT (30.793093199999998 46.58423319999999)
,,,Entertainment,POINT (30.736501600000004 46.483613899999995)
,,,Office / Business Center,POINT (30.707401200000003 46.43276960000001)
,,1/20,Office / Business Center,POINT (30.756579700000003 46.4803316)
,,,Tourism / Beach,POINT (30.7478491 46.49227440000001)
,,,Tourism / Beach,POINT (30.7342331 46.49086710000001)
Aqua,Кримська вулиця,56б,Sport Facility,POINT (30.789842599999993 46.5757553)
Strekoza,вулиця Владислава Бувалкіна,37,Sport Facility,POINT (30.797168500000005 46.5867883)
Vertical,проспект Князя Володимира Великого,122/1а,Sport Facility,POINT (30.7977687 46.591217099999994)
Spartak,,,Sport Facility,POINT (30.788601900000003 46.570274399999995)
Vertical,,,Sport Facility,POINT (30.801889099999997 46.5830463)
,,,Mall / Supermarket,POINT (30.725381600000002 46.4226811)
,Десантний бульвар,14,Office / Business Center,POINT (30.792215100000004 46.5747877)
,Кримська вулиця,62,Office / Business Center,POINT (30.7900663 46.5772645)
,,,Tourism / Beach,POINT (30.73440709999999 46.48861839999999)
,,,Tourism / Beach,POINT (30.7338076 46.48930910000001)
,,,Tourism / Beach,POINT (30.7493538 46.4838945)
Sport Style,вулиця Академіка Сахарова,34,Sport Facility,POINT (30.807358300000004 46.57623769999999)
,,,Sport Facility,POINT (30.8078723 46.5781459)
Izumrud,вулиця Академіка Сахарова,36,Mall / Supermarket,POINT (30.807639800000004 46.5766472)
Avalon,,,Office / Business Center,POINT (30.80417509999999 46.575105)
Premier,,,Office / Business Center,POINT (30.805668999999998 46.5746331)
Avalon,,,Office / Business Center,POINT (30.80825 46.57744649999999)
,,,Tourism / Beach,POINT (30.7394089 46.48331679999999)
Silpo,,,Mall / Supermarket,POINT (30.747519800000003 46.4350204)
Fresh Woman,,,Sport Facility,POINT (30.736709300000005 46.47961899999999)
Obzhora,Князівський провулок,40,Mall / Supermarket,POINT (30.726362699999992 46.4880428)
Hretskyi Shopping Mall,Грецька площа,,Mall / Supermarket,POINT (30.735669500000004 46.4822248)
Atlanta,проспект Шевченка,,Office / Business Center,POINT (30.752143600000004 46.4556045)
Axis,вулиця Ніни Строкатої,24,Entertainment,POINT (30.738778799999995 46.481322500000005)
Silpo,,,Mall / Supermarket,POINT (30.7415977 46.4600067)
Vodafone,,,Office / Business Center,POINT (30.737237400000005 46.4717848)
,,,Office / Business Center,POINT (30.730335599999997 46.4744049)
,,,Mall / Supermarket,POINT (30.7200769 46.483974599999996)
,,,Tourism / Beach,POINT (30.793738599999998 46.58435359999999)
Vodafone,,,Office / Business Center,POINT (30.7393318 46.46776)
,вулиця Івана Франка,27,Office / Business Center,POINT (30.7458747 46.4303145)
,,,Office / Business Center,POINT (30.7396961 46.4783534)
Obzhora,,,Mall / Supermarket,POINT (30.7529949 46.47058139999999)
The Inspectorate for Training and Certification of Seafarers ORB,,,Office / Business Center,POINT (30.724575399999996 46.50266719999999)
Blesk i Vedro,вулиця Іцхака Рабіна,1,Mall / Supermarket,POINT (30.703222099999994 46.44055689999999)
,Адміральський проспект,34а,Office / Business Center,POINT (30.7306016 46.4380832)
Inotheatre,,,Entertainment,POINT (30.7444697 46.4811638)
,,,Office / Business Center,POINT (30.732465599999998 46.4851296)
Platinum Fitness,,,Sport Facility,POINT (30.747980700000003 46.4795838)
ATB-Market,,,Mall / Supermarket,POINT (30.7365738 46.47013510000001)
,Ильфа и Петрова,18,Office / Business Center,POINT (30.7153187 46.3935317)
,,,Office / Business Center,POINT (30.742431699999994 46.482166799999995)
Passport Service,площа Віри Холодної,3,Office / Business Center,POINT (30.731251299999993 46.4813603)
,проспект Шевченка,4А,Office / Business Center,POINT (30.7489117 46.4588722)
,,,Tourism / Beach,POINT (30.728222000000002 46.4934705)
,,,Office / Business Center,POINT (30.7495167 46.47353590000001)
,,,Tourism / Beach,POINT (30.749307100000003 46.4763741)
,,,Tourism / Beach,POINT (30.7292392 46.48548879999999)
,,,Tourism / Beach,POINT (30.731862099999997 46.4855219)
,,,Tourism / Beach,POINT (30.730624599999995 46.489445399999994)
,,,Tourism / Beach,POINT (30.722877 46.4852824)
,,,Tourism / Beach,POINT (30.7374831 46.4506176)
,,,Office / Business Center,POINT (30.7239825 46.46990379999999)
,,,Mall / Supermarket,POINT (30.7163586 46.43669310000001)
Tavria V,,,Mall / Supermarket,POINT (30.7096265 46.44018789999999)
,Ванний провулок,3,Sport Facility,POINT (30.759818099999997 46.412813899999996)
,Дюківська вулиця,14,Sport Facility,POINT (30.7107556 46.484100299999994)
Fitness-Stadium,,,Sport Facility,POINT (30.756574600000004 46.479925699999995)
Thrash!,,,Mall / Supermarket,POINT (30.7986677 46.5944802)
,проспект Князя Володимира Великого,118А,Entertainment,POINT (30.7975947 46.589638099999995)
All-Ukrainian professional business association,,,Office / Business Center,POINT (30.723841499999992 46.4997255)
Dominanta,,,Office / Business Center,POINT (30.759121500000003 46.4446988)
,,,Sport Facility,POINT (30.726287199999998 46.398806300000004)
,,,Tourism / Beach,POINT (30.747307200000005 46.47124759999999)
Gym from Mikhalich,,,Sport Facility,POINT (30.722527300000003 46.4980444)
,,,Office / Business Center,POINT (30.735528100000003 46.47714770000001)
Kyivstar,,,Office / Business Center,POINT (30.731674199999997 46.4699606)
Lifecell,,,Office / Business Center,POINT (30.7216625 46.4851555)
Objora,,,Mall / Supermarket,POINT (30.7466917 46.4703058)
Infomir,проспект Небесної Сотні,4д,Office / Business Center,POINT (30.7115459 46.413318700000005)
,,,Office / Business Center,POINT (30.673160300000003 46.46963209999999)
Tavria V,,,Mall / Supermarket,POINT (30.725554 46.4236795)
ATB-Market,Марсельська вулиця,1/3,Mall / Supermarket,POINT (30.7786292 46.5743756)
TavriaV,,,Mall / Supermarket,POINT (30.7767101 46.5749486)
,,,Office / Business Center,POINT (30.749034600000005 46.47226129999999)
,,,Mall / Supermarket,POINT (30.7144556 46.38684299999999)
Tavria V,Ванный переулок,1а,Mall / Supermarket,POINT (30.758304199999994 46.41337909999999)
,проспект Князя Володимира Великого,120А,Office / Business Center,POINT (30.799078900000005 46.5889989)
Kopeyka,,,Mall / Supermarket,POINT (30.737554100000004 46.467231899999994)
Moy Dom,,,Mall / Supermarket,POINT (30.792739400000002 46.588710999999996)
,,,Entertainment,POINT (30.723992999999997 46.5148071)
,,,Market,POINT (30.789365099999998 46.5798619)
From Irma,,,Market,POINT (30.723586000000005 46.49811379999999)
,,,Market,POINT (30.723305200000002 46.4975839)
Odesa Concert Hall,,,Entertainment,POINT (30.7612041 46.4328189)
,,,Market,POINT (30.7652108 46.5749626)
,,,Tourism / Beach,POINT (30.738701799999994 46.4889062)
,Миколаївська дорога,253/1,Office / Business Center,POINT (30.747081899999998 46.5444802)
Passport Service,Європейська вулиця,27/1,Office / Business Center,POINT (30.739385899999995 46.4818521)
Kopeyka,,,Mall / Supermarket,POINT (30.687397200000003 46.4804853)
,Велика Арнаутська вулиця,61,Office / Business Center,POINT (30.7380681 46.47259929999999)
,бульвар Михайла Жванецького,,Tourism / Beach,POINT (30.728851000000002 46.4937152)
,,,Tourism / Beach,POINT (30.7270056 46.4800668)
,,,Office / Business Center,POINT (30.7442616 46.4743297)
,проспект Князя Володимира Великого,83,Mall / Supermarket,POINT (30.782135800000002 46.57735189999999)
,Миколаївська дорога,142,Office / Business Center,POINT (30.7410825 46.537614)
,,,Mall / Supermarket,POINT (30.731758500000005 46.436718299999995)
“Alpha Navigation Ukraine”,,,Office / Business Center,POINT (30.7494672 46.4452343)
,,,Tourism / Beach,POINT (30.734047200000003 46.4870566)
,,,Office / Business Center,POINT (30.7262646 46.49090879999999)
LLC AGENT SB,,,Office / Business Center,POINT (30.7299474 46.4532461)
,,,Mall / Supermarket,POINT (30.749787099999992 46.4623794)
,,,Office / Business Center,POINT (30.7504149 46.4628612)
,Французский бульвар,85,Tourism / Beach,POINT (30.7673324 46.443333599999995)
Ahrarna partiya Ukrainy,,,Office / Business Center,POINT (30.725288499999998 46.4891059)
Vertical,вулиця Семена Палія,127в,Sport Facility,POINT (30.802401300000003 46.58372909999999)
Dva shaha,вулиця Семена Палія,127в,Mall / Supermarket,POINT (30.8023331 46.5835935)
,,,Mall / Supermarket,POINT (30.672808299999996 46.4791749)
,,,Mall / Supermarket,POINT (30.715490500000005 46.3905689)
,,,Office / Business Center,POINT (30.7287097 46.5291699)
,,,Office / Business Center,POINT (30.723969299999997 46.50118479999999)
,,,Sport Facility,POINT (30.718800300000005 46.48880389999999)
,вулиця Владислава Бувалкіна,30,Office / Business Center,POINT (30.795615299999994 46.588439099999995)
,Дніпропетровська дорога,108,Office / Business Center,POINT (30.798263899999995 46.580061099999995)
ATB-Market,,,Mall / Supermarket,POINT (30.6837154 46.4516928)
Estate Sale,,,Office / Business Center,POINT (30.722465100000004 46.3996932)
,вулиця Отамана Головатого,47,Office / Business Center,POINT (30.722515099999992 46.5040512)
,,,Office / Business Center,POINT (30.7229649 46.5049723)
,вулиця Космонавтів,34,Office / Business Center,POINT (30.713350300000002 46.43013169999999)
The Stairway of Love,,,Tourism / Beach,POINT (30.7454624 46.483692899999994)
,Обсерваторний провулок,2/6,Office / Business Center,POINT (30.759388499999993 46.4736743)
Gurman,,,Mall / Supermarket,POINT (30.8074908 46.57826169999999)
ATB-Market,,,Mall / Supermarket,POINT (30.7242665 46.3966081)
FRESCO real estate broker,Італійська вулиця,"48, офис 6/3",Office / Business Center,POINT (30.741418100000004 46.47437239999999)
,Агрономічна вулиця,23,Office / Business Center,POINT (30.6842707 46.4898148)
,,,Office / Business Center,POINT (30.725330799999995 46.3687453)
,вулиця Євгена Танцюри,25б,Sport Facility,POINT (30.708766599999997 46.4299155)
,Бугаївська вулиця,33,Sport Facility,POINT (30.698432700000005 46.47122509999999)
ATB-Market,вулиця Сім'ї Глодан,10/1,Mall / Supermarket,POINT (30.713619 46.4009388)
NKN-BUDTRANS,,,Office / Business Center,POINT (30.732242399999997 46.4739982)
cossak tomb,,,Tourism / Beach,POINT (30.728666099999998 46.464167399999994)
,,,Office / Business Center,POINT (30.750116599999995 46.43031619999999)
,,,Office / Business Center,POINT (30.748677200000003 46.4310395)
,,,Office / Business Center,POINT (30.743045799999997 46.44935079999999)
,,,Office / Business Center,POINT (30.7442929 46.452847199999994)
,,,Office / Business Center,POINT (30.743212699999997 46.45197449999999)
,,,Office / Business Center,POINT (30.755531899999994 46.450625699999996)
,,,Mall / Supermarket,POINT (30.7473146 46.47446920000001)
,,,Office / Business Center,POINT (30.745892999999995 46.4708773)
,,,Office / Business Center,POINT (30.7378363 46.47953799999999)
,,,Office / Business Center,POINT (30.7429137 46.47771709999999)
,,,Office / Business Center,POINT (30.736968499999993 46.4756063)
,,,Office / Business Center,POINT (30.738426500000003 46.4754762)
,,,Office / Business Center,POINT (30.724148499999995 46.3904357)
,,,Office / Business Center,POINT (30.7222231 46.387053099999996)
,,,Office / Business Center,POINT (30.716908699999994 46.39072049999999)
,,,Office / Business Center,POINT (30.723234599999998 46.3977837)
,,,Office / Business Center,POINT (30.7261089 46.400105100000005)
,,,Office / Business Center,POINT (30.728474699999996 46.3991397)
,,,Office / Business Center,POINT (30.734156 46.4710182)
,,,Office / Business Center,POINT (30.752711 46.4715025)
,,,Office / Business Center,POINT (30.7439803 46.4721527)
,,,Office / Business Center,POINT (30.736772399999992 46.4730192)
,,,Office / Business Center,POINT (30.725739200000003 46.4738686)
,,,Office / Business Center,POINT (30.742278199999998 46.4740946)
,,,Office / Business Center,POINT (30.744041000000003 46.473953)
,,,Office / Business Center,POINT (30.723506599999993 46.40067969999999)
,,,Mall / Supermarket,POINT (30.723232499999998 46.4014706)
,,,Office / Business Center,POINT (30.722044599999993 46.4020407)
,,,Office / Business Center,POINT (30.722916 46.4027534)
ATB-Market,,,Mall / Supermarket,POINT (30.721465800000004 46.41646769999999)
,,,Office / Business Center,POINT (30.718548399999992 46.42125359999999)
,,,Office / Business Center,POINT (30.710853799999995 46.42190769999999)
,,,Office / Business Center,POINT (30.710348100000004 46.4270338)
,,,Office / Business Center,POINT (30.715625899999996 46.427197799999995)
,,,Office / Business Center,POINT (30.721150499999993 46.424252300000006)
,,,Office / Business Center,POINT (30.725193199999993 46.42737499999999)
,,,Office / Business Center,POINT (30.7342096 46.47626619999999)
Apostille Center,,,Office / Business Center,POINT (30.737810799999995 46.4753585)
,,,Mall / Supermarket,POINT (30.7236829 46.4840651)
,,,Office / Business Center,POINT (30.7291935 46.47909359999999)
,,,Office / Business Center,POINT (30.731000800000004 46.4781964)
,,,Office / Business Center,POINT (30.722575299999995 46.48288569999999)
,,,Office / Business Center,POINT (30.7258692 46.46990929999999)
ATB-Market,,,Mall / Supermarket,POINT (30.7413598 46.47440619999999)
UBERDRIVE - official Uber partner,,,Office / Business Center,POINT (30.7232753 46.4766362)
,,,Office / Business Center,POINT (30.727891599999996 46.48238059999999)
,,,Office / Business Center,POINT (30.726706 46.483341)
,,,Office / Business Center,POINT (30.725032299999995 46.48468179999999)
,,,Office / Business Center,POINT (30.7240292 46.4854427)
,,,Office / Business Center,POINT (30.7255473 46.4789637)
,,,Office / Business Center,POINT (30.7256224 46.4790228)
,,,Office / Business Center,POINT (30.729991699999992 46.48731899999999)
,,,Office / Business Center,POINT (30.7301419 46.4825542)
,Грецька вулиця,30,Entertainment,POINT (30.7393675 46.482770699999996)
AbiTerm,,,Office / Business Center,POINT (30.6848756 46.4728965)
,,,Office / Business Center,POINT (30.7302757 46.40826969999999)
,,,Office / Business Center,POINT (30.723042600000003 46.42475189999999)
,проспект Князя Ярослава Мудрого,29,Office / Business Center,POINT (30.7100014 46.3970119)
,,,Sport Facility,POINT (30.7653556 46.4298523)
,Європейська вулиця,25,Tourism / Beach,POINT (30.739111999999995 46.4823859)
Tavria V,,,Mall / Supermarket,POINT (30.709850000000003 46.4060193)
Tavria-V,Балківська вулиця,28,Mall / Supermarket,POINT (30.7123598 46.490829)
,,,Office / Business Center,POINT (30.712603900000005 46.4885909)
Plansk Cargo Ships,,,Office / Business Center,POINT (30.7501887 46.4816202)
"Publishing house ""Chernomore""",,,Office / Business Center,POINT (30.703923599999996 46.4415376)
Odesa Railway,,,Office / Business Center,POINT (30.7397927 46.468945)
ATB-Market,,,Mall / Supermarket,POINT (30.7098493 46.4872042)
,,,Office / Business Center,POINT (30.792892999999996 46.5897463)
Real estate agency Capitals,,,Office / Business Center,POINT (30.7990643 46.585983)
Tochka,,,Mall / Supermarket,POINT (30.7432247 46.4301402)
Digitally Inspired,,,Office / Business Center,POINT (30.758139099999994 46.43816609999999)
ATB-Market,вулиця Добровольців,8,Mall / Supermarket,POINT (30.745860499999996 46.4467757)
SkyFit,,,Sport Facility,POINT (30.782157000000005 46.5752767)
,,,Office / Business Center,POINT (30.663473100000004 46.490869700000005)
Tavria V,,,Mall / Supermarket,POINT (30.7211491 46.4541578)
TavriaV,,,Mall / Supermarket,POINT (30.753126299999995 46.431449)
Tavria‑V,вулиця Інглезі,3а,Mall / Supermarket,POINT (30.7158169 46.418394299999996)
Two Steps,проспект Князя Володимира Великого,139/1,Mall / Supermarket,POINT (30.792356899999994 46.5892161)
,,,Sport Facility,POINT (30.8057332 46.580277699999996)
Vash bassein,проспект Небесної Сотні,4в,Office / Business Center,POINT (30.7090411 46.4021831)
,вулиця Михайла Грушевського,30б,Mall / Supermarket,POINT (30.690140699999997 46.4807308)
ATB-Market,,,Mall / Supermarket,POINT (30.7143657 46.38701770000001)
Tavria V,Тополина вулиця,10а,Mall / Supermarket,POINT (30.723911300000005 46.41184619999999)
In Jamalas home,,,Entertainment,POINT (30.70928 46.482801)
Translation Agency Slovo,вулиця Космонавтів,17,Office / Business Center,POINT (30.712786700000002 46.428983699999996)
Translation Agency Slovo,вулиця Пастера,17,Office / Business Center,POINT (30.7239187 46.4920623)
Silpo,,,Mall / Supermarket,POINT (30.7344632 46.47873010000001)
ATB-Market,Миколаївська дорога,170а,Mall / Supermarket,POINT (30.762324899999992 46.55325199999999)
,Фонтанська дорога,16/8,Sport Facility,POINT (30.7449577 46.43211459999999)
,,,Mall / Supermarket,POINT (30.7508718 46.4366513)
,,55e,Sport Facility,POINT (30.7283059 46.42319319999999)
,Дерибасівська вулиця,1,Sport Facility,POINT (30.744850399999997 46.4831463)
,,,Tourism / Beach,POINT (30.7530862 46.5748595)
Minimarket Kopeyka,Фонтанська дорога,16/8,Mall / Supermarket,POINT (30.745370799999996 46.43271399999999)
Silpo,,,Mall / Supermarket,POINT (30.738988799999998 46.48180789999999)
Products,,,Market,POINT (30.7228744 46.49792639999999)
,вулиця Євгена Танцюри,74,Mall / Supermarket,POINT (30.6951847 46.4403152)
ATB-Market,вулиця Героїв Оборони Одеси,60,Mall / Supermarket,POINT (30.784621799999996 46.5731395)
YES FITNESS,,,Sport Facility,POINT (30.729092500000004 46.38667679999999)
,,,Sport Facility,POINT (30.721765000000005 46.4128866)
Sirius,,,Sport Facility,POINT (30.800483400000005 46.59118320000001)
Lion Club,проспект Князя Володимира Великого,122/2,Sport Facility,POINT (30.798217499999993 46.591700499999995)
Marlow Navigation Ukraine,,,Office / Business Center,POINT (30.7342995 46.47656649999999)
,вулиця Маловського,3,Sport Facility,POINT (30.702160500000005 46.4864159)
,проспект Князя Володимира Великого,103,Mall / Supermarket,POINT (30.7834738 46.580754)
,проспект Князя Володимира Великого,103,Sport Facility,POINT (30.783345299999993 46.58060389999999)
,Європейська вулиця,1,Entertainment,POINT (30.739361999999993 46.4868014)
Tavria V,Запорізька вулиця,12,Mall / Supermarket,POINT (30.718311399999997 46.465758099999995)
Nice Club,Маразліївська вулиця,1/20,Entertainment,POINT (30.7548929 46.4794989)
Rozetka Pickup #6,Адміральський проспект,1,Office / Business Center,POINT (30.745704500000002 46.4368946)
,Дальницька вулиця,46,Office / Business Center,POINT (30.6964983 46.46610549999999)
,Рішельєвська вулиця,42,Office / Business Center,POINT (30.739123399999993 46.47587219999999)
,,,Office / Business Center,POINT (30.7345319 46.48240590000001)
,вулиця Героїв Оборони Одеси,76а,Sport Facility,POINT (30.784021000000003 46.57571909999999)
ATB-Market,вулиця Героїв Оборони Одеси,24,Mall / Supermarket,POINT (30.77867429999999 46.567274)
Translation Agency Slovo,проспект Князя Володимира Великого,92,Office / Business Center,POINT (30.7839758 46.578491299999996)
Oranta,проспект Князя Володимира Великого,92,Office / Business Center,POINT (30.7840238 46.578586800000004)
,,,Office / Business Center,POINT (30.7864823 46.57418499999999)
Avenue of Stars,,,Tourism / Beach,POINT (30.742323300000002 46.4849154)
Ukrainian Sea Ports Authority,,,Office / Business Center,POINT (30.7449178 46.484463999999996)
,,,Tourism / Beach,POINT (30.7346926 46.4895869)
Tavria V,вулиця Академіка Сахарова,34,Mall / Supermarket,POINT (30.807232000000003 46.57609899999999)
,,,Office / Business Center,POINT (30.752024999999993 46.417158)
,,,Office / Business Center,POINT (30.7315627 46.4734348)
ATB-Market,Балківська вулиця,199,Mall / Supermarket,POINT (30.707216299999995 46.46184319999999)
Zatoka portal,,,Office / Business Center,POINT (30.750764599999997 46.4341782)
,Михайлівська вулиця,8,Mall / Supermarket,POINT (30.7108275 46.4661361)
,,,Office / Business Center,POINT (30.79759 46.592389999999995)
Dispatcher,,,Office / Business Center,POINT (30.728893300000003 46.42614139999999)
Tavria-V,,,Mall / Supermarket,POINT (30.7312267 46.3726621)
,,,Office / Business Center,POINT (30.6569614 46.48472279999999)
,Велика Арнаутська вулиця,123,Office / Business Center,POINT (30.7275188 46.473307199999994)
Tavria-V,,,Mall / Supermarket,POINT (30.7376259 46.4328162)
,вулиця Академіка Вільямса,59/3,Mall / Supermarket,POINT (30.727406899999995 46.3873228)
,,,Mall / Supermarket,POINT (30.732325599999992 46.3860558)
,,,Office / Business Center,POINT (30.7349738 46.470058599999994)
Thrash!,,,Mall / Supermarket,POINT (30.7178837 46.3987659)
,Просьолкова вулиця,24,Office / Business Center,POINT (30.656732399999996 46.467877099999995)
,,,Entertainment,POINT (30.711470499999997 46.3558563)
Odesa-Mala,,,Transport Hub,POINT (30.7265316 46.455235099999996)
ATB-Market,,,Mall / Supermarket,POINT (30.732347700000002 46.3985333)
ATB-Market,,,Mall / Supermarket,POINT (30.7137604 46.43337429999999)
Odesa-Skhidna,,,Transport Hub,POINT (30.786128699999992 46.5943025)
,,,Mall / Supermarket,POINT (30.6730512 46.4696627)
ATB-Market,,,Mall / Supermarket,POINT (30.7155857 46.4183575)
,,,Mall / Supermarket,POINT (30.701634199999997 46.4387651)
,,,Office / Business Center,POINT (30.7316163 46.475511)
,вулиця Новощіпний Ряд,2,Office / Business Center,POINT (30.737704599999994 46.46824169999999)
ATB-Market,вулиця Владислава Бувалкіна,57г,Mall / Supermarket,POINT (30.802613500000003 46.5846651)
ATB-Market,вулиця Семена Палія,103Б,Mall / Supermarket,POINT (30.798574899999995 46.5780841)
,вулиця Семена Палія,94,Office / Business Center,POINT (30.79577739999999 46.5767579)
,вулиця Маршала Малиновського,27а,Mall / Supermarket,POINT (30.7195444 46.44005489999999)
,вулиця Паустовського,31Б,Mall / Supermarket,POINT (30.806883600000003 46.592608)
Briz,вулиця Владислава Бувалкіна,2,Office / Business Center,POINT (30.7929591 46.58971869999999)
Thrash!,,,Mall / Supermarket,POINT (30.781580800000004 46.5735231)
Thrash!,,,Mall / Supermarket,POINT (30.7067663 46.441506)
Thrash!,,,Mall / Supermarket,POINT (30.727847799999992 46.400346899999995)
Silpo,,,Mall / Supermarket,POINT (30.736890200000005 46.46807539999999)
,,,Mall / Supermarket,POINT (30.7233147 46.478816099999996)
Novodepovska,,,Transport Hub,POINT (30.638726099999996 46.48928889999999)
Odesa-Tovarna,,,Transport Hub,POINT (30.713972699999996 46.45559049999999)
,вулиця Семена Палія,103Б,Sport Facility,POINT (30.7986082 46.57823080000001)
,Люстдорфська дорога,52,Office / Business Center,POINT (30.726076000000003 46.4367378)
,Гаванна вулиця,9,Office / Business Center,POINT (30.736091600000005 46.4849039)
Silpo,,,Mall / Supermarket,POINT (30.753528000000003 46.41439499999999)
Silpo,,,Mall / Supermarket,POINT (30.75862499999999 46.435486999999995)
,,,Mall / Supermarket,POINT (30.730090799999992 46.43259369999999)
ATB-Market,,,Mall / Supermarket,POINT (30.705309500000002 46.4438059)
,,,Office / Business Center,POINT (30.739341100000004 46.484937099999996)
,,,Office / Business Center,POINT (30.7953345 46.57612019999999)
Anchor,,,Tourism / Beach,POINT (30.7425517 46.4850996)
,,,Tourism / Beach,POINT (30.752014500000005 46.4742817)
Silpo,,,Mall / Supermarket,POINT (30.757423000000003 46.45803399999999)
Silpo,,,Mall / Supermarket,POINT (30.756670399999994 46.4565065)
,,,Office / Business Center,POINT (30.709317800000004 46.4397256)
,,,Office / Business Center,POINT (30.750705600000003 46.4578245)
,,,Office / Business Center,POINT (30.7429929 46.4543765)
,,,Office / Business Center,POINT (30.748698 46.4559906)
,,,Office / Business Center,POINT (30.7495549 46.4562955)
,,,University,POINT (30.7428212 46.484132800000005)
,,,Office / Business Center,POINT (30.732575200000003 46.4348661)
,,,Office / Business Center,POINT (30.729600599999998 46.4302021)
,,,Office / Business Center,POINT (30.724285800000004 46.4308519)
,,,Office / Business Center,POINT (30.725382200000002 46.41792319999999)
Tavria V,,,Mall / Supermarket,POINT (30.7523149 46.4206177)
Vodafone,,,Office / Business Center,POINT (30.796368499999996 46.57714289999999)
,,,Office / Business Center,POINT (30.724105500000004 46.42656600000001)
,,,Office / Business Center,POINT (30.720687700000003 46.4395066)
,,,Sport Facility,POINT (30.725487499999993 46.4222766)
Economically autonomous structural subdivision «Professional college of communication and informatization OF State University of Intellectual Techologies and Communications»,,,University,POINT (30.7347778 46.4803923)
Arber,вулиця Чорноморського Козацтва,111,Office / Business Center,POINT (30.724108200000003 46.5138556)
,Преображенська вулиця,68,Office / Business Center,POINT (30.7316793 46.476000899999995)
oak Black Night 1792,,,Tourism / Beach,POINT (30.749711599999998 46.46053950000001)
Notary Berzin-Usova Iryna,,,Office / Business Center,POINT (30.743469400000002 46.4483478)
Advocate Serhii Berzin (Lawyer),проспект Шевченка,12/1,Office / Business Center,POINT (30.755180399999993 46.4501248)
,вулиця Паустовського,31Б,Sport Facility,POINT (30.806840999999995 46.5927307)
ATB-Market,вулиця Семена Палія,99в,Mall / Supermarket,POINT (30.794787300000003 46.57284119999999)
,Махачкалинська вулиця,2,Sport Facility,POINT (30.8038816 46.58960149999999)
Silpo,,,Mall / Supermarket,POINT (30.752445200000004 46.41495509999999)
Tavria V,проспект Небесної Сотні,29/2,Mall / Supermarket,POINT (30.713541400000004 46.41231859999999)
,,,Office / Business Center,POINT (30.730215799999996 46.433406)
,проспект Князя Володимира Великого,122/1а,Mall / Supermarket,POINT (30.797595799999996 46.5909923)
Thrash!,,,Mall / Supermarket,POINT (30.720864 46.42800799999999)
Thrash!,,,Mall / Supermarket,POINT (30.762743 46.5540199)
,,,Sport Facility,POINT (30.7537125 46.4233782)
,,,Office / Business Center,POINT (30.7501932 46.4282478)
Univera,,,Office / Business Center,POINT (30.741744300000004 46.4789827)
,": вулиця Катерининська, 37/ Одеса",37,Office / Business Center,POINT (30.738334399999996 46.4788822)
,,,Sport Facility,POINT (30.724361199999997 46.4270765)
,,,Office / Business Center,POINT (30.722942000000003 46.425578300000005)
Lawyer Serhii Berzin,,,Office / Business Center,POINT (30.755922499999997 46.44024129999999)
,,,Office / Business Center,POINT (30.747748599999998 46.43273789999999)
,,,Sport Facility,POINT (30.729692700000005 46.43714159999999)
,,,Mall / Supermarket,POINT (30.73648529999999 46.43646559999999)
,,,Sport Facility,POINT (30.747383199999994 46.4383103)
,,,Office / Business Center,POINT (30.752024299999995 46.417120399999995)
,,37,Office / Business Center,POINT (30.711823599999992 46.47459609999999)
,,,Office / Business Center,POINT (30.714341899999994 46.474725199999995)
,,,Office / Business Center,POINT (30.739347599999995 46.4610068)
,,,Office / Business Center,POINT (30.722793100000004 46.4339942)
,,,Entertainment,POINT (30.758888099999997 46.4459354)
,,,Entertainment,POINT (30.760374700000003 46.4460281)
,,,Sport Facility,POINT (30.723729599999995 46.4743805)
ATB-Market,,,Mall / Supermarket,POINT (30.7541754 46.4141644)
,,,Sport Facility,POINT (30.743749399999995 46.4302164)
,1-ша Сортувальна вулиця,36-Г,Office / Business Center,POINT (30.7584674 46.554831699999994)
,,,Office / Business Center,POINT (30.730375 46.43704269999999)
,,,Mall / Supermarket,POINT (30.716399000000003 46.460830599999994)
,,,Mall / Supermarket,POINT (30.7175552 46.4672384)
,,,Office / Business Center,POINT (30.749816099999997 46.430779400000006)
,,,Sport Facility,POINT (30.7339713 46.4084989)
,,,Office / Business Center,POINT (30.730927799999993 46.4777881)
,,,Office / Business Center,POINT (30.729748999999998 46.4261146)
,,,Office / Business Center,POINT (30.730422599999997 46.4234175)
,,,Office / Business Center,POINT (30.729924799999996 46.4308912)
,,,Office / Business Center,POINT (30.726578399999994 46.43828419999999)
,вулиця Новосельського,81,Office / Business Center,POINT (30.727989900000004 46.4806642)
,,,Office / Business Center,POINT (30.718577499999995 46.46605929999999)
,,,Mall / Supermarket,POINT (30.758730399999997 46.4203352)
,,,Office / Business Center,POINT (30.7934208 46.5743975)
,Марсельська вулиця,46/4,Mall / Supermarket,POINT (30.796914600000004 46.5702656)
,,,Sport Facility,POINT (30.750014399999998 46.437310599999996)
,,,Office / Business Center,POINT (30.7392587 46.4765769)
,,,Mall / Supermarket,POINT (30.7163263 46.383564)
,,,Market,POINT (30.721300799999998 46.47720269999999)
,вулиця Леонтовича,5,Office / Business Center,POINT (30.754196000000004 46.47116299999999)
,,,Tourism / Beach,POINT (30.6682832 46.4829138)
ATB-Market,Середньофонтанська вулиця,19-А,Mall / Supermarket,POINT (30.740360199999998 46.4588795)
,вулиця Багрицького,12б,University,POINT (30.721744400000002 46.44282979999999)
Professional College of Measurements,Спиридонівська вулиця,13,University,POINT (30.7280678 46.479999299999996)
,Заболот.63/1,63/1,Transport Hub,POINT (30.79659549999999 46.570850899999996)
,,,Office / Business Center,POINT (30.7995155 46.57308309999999)
,Марсельська вулиця,,Tourism / Beach,POINT (30.800064299999992 46.570859399999996)
,,,Transport Hub,POINT (30.8000615 46.57088149999999)
,,63,Transport Hub,POINT (30.799541399999995 46.5731678)
,,58,Transport Hub,POINT (30.8000431 46.5718095)
,Марсельська вулиця,,Transport Hub,POINT (30.800244699999993 46.5711347)
,,марсельская 58,Transport Hub,POINT (30.8001204 46.570942)
,заболот. 63/1,,Transport Hub,POINT (30.799768000000004 46.57367479999999)
,Марсельська вулиця,,Transport Hub,POINT (30.800072399999994 46.570876299999995)
,заболот.63,,Transport Hub,POINT (30.799731099999995 46.57365339999999)
,,,Sport Facility,POINT (30.748946099999998 46.4462425)
,,,Sport Facility,POINT (30.749227699999995 46.44561420000001)
giant sycamore,,,Tourism / Beach,POINT (30.708960500000003 46.4251262)
,,,Sport Facility,POINT (30.6805591 46.48788239999999)
,,,Sport Facility,POINT (30.679307200000004 46.4883667)
,,,Market,POINT (30.681027000000004 46.48659109999999)
,,,Sport Facility,POINT (30.7180336 46.4057395)
,,,Tourism / Beach,POINT (30.7190905 46.5754803)
,,,Office / Business Center,POINT (30.753833100000005 46.4232912)
,,,Office / Business Center,POINT (30.6862366 46.4602411)
,,,Office / Business Center,POINT (30.713752100000004 46.4705335)
,,,Office / Business Center,POINT (30.717948799999995 46.467548099999995)
,,,Office / Business Center,POINT (30.7180291 46.4676038)
,Пишоновская улица,26/2,Mall / Supermarket,POINT (30.713032800000004 46.48618249999999)
,,,Office / Business Center,POINT (30.729175300000005 46.4263013)
,,,Office / Business Center,POINT (30.7246929 46.413426400000006)
,,,Sport Facility,POINT (30.724796099999995 46.4134306)
,,,Sport Facility,POINT (30.725324500000003 46.4134638)
,,,Sport Facility,POINT (30.725494199999993 46.41262290000001)
,,,Sport Facility,POINT (30.750795524231545 46.44852086596738)
,,,Sport Facility,POINT (30.756971502284017 46.462234968957034)
Novyi Bazar,Торгова вулиця,26,Market,POINT (30.724490646039378 46.487780650849224)
,Італійська вулиця,72,Mall / Supermarket,POINT (30.740484356972967 46.47078265421253)
Odesa National Academic Theatre of Opera and Ballet,провулок Чайковського,1,Tourism / Beach,POINT (30.741202561970454 46.48547914550106)
Odesa National Academic Theatre of Opera and Ballet,провулок Чайковського,1,Entertainment,POINT (30.741202561970454 46.48547914550106)
,Успенська вулиця,91,University,POINT (30.734305172438738 46.47564659917362)
Palace of Sports,проспект Шевченка,31,Sport Facility,POINT (30.7599438479874 46.446114585662805)
,,25,Tourism / Beach,POINT (30.73952775060596 46.477925950060566)
,,23,Office / Business Center,POINT (30.739682613137763 46.48086074370148)
General Consulate of Greece,,32,Office / Business Center,POINT (30.733015656857585 46.484719214984544)
Europa Shopping Center,Дерибасівська вулиця,21,Mall / Supermarket,POINT (30.73754873435917 46.483802723965056)
Virtus,,,Mall / Supermarket,POINT (30.752348881881097 46.426259940612994)
,Шампанський провулок,11,University,POINT (30.75031964178894 46.449061589874944)
,проспект Лесі Українки,25,Office / Business Center,POINT (30.743615643594804 46.45366092562774)
Sady Pobedy,Академічна вулиця,28,Mall / Supermarket,POINT (30.758118628393067 46.439696506019644)
,,6а,Sport Facility,POINT (30.74673280816421 46.43820722949355)
Tavria V,вулиця Академіка Корольова,120,Mall / Supermarket,POINT (30.72176152203242 46.38547206371341)
Cinema Park,Варненська вулиця,4а,Entertainment,POINT (30.718477127154124 46.42869913139729)
Cheremushky Market,,,Market,POINT (30.712694336143024 46.43210970316501)
,Канатна вулиця,83,Office / Business Center,POINT (30.74659507857347 46.46581201958048)
,,,Tourism / Beach,POINT (30.716426799576244 46.43064054650845)
,,,University,POINT (30.742129979696244 46.480178950998024)
,,1/1,Mall / Supermarket,POINT (30.734727693033157 46.46584758128305)
,,40,Office / Business Center,POINT (30.72557252899684 46.5050374321491)
,,,Market,POINT (30.70337033593376 46.49283232120505)
,,1,Office / Business Center,POINT (30.735559255384864 46.46605647347043)
Simia,вулиця Семена Палія,93а,Mall / Supermarket,POINT (30.796995897432332 46.575306973261206)
Panorama,площа Незалежності,1,Mall / Supermarket,POINT (30.72455561997452 46.39811307059996)
Zolotyi Diuk,проспект Князя Ярослава Мудрого,11ж,Entertainment,POINT (30.725313716697325 46.39847098588688)
,вулиця Решата Аметова,23а,Office / Business Center,POINT (30.75065016044594 46.45483787733538)
Maersk Crewing,вулиця Незалежності,18а,Office / Business Center,POINT (30.75043709810115 46.45109573583692)
,вулиця Незалежності,18,Office / Business Center,POINT (30.750234085023553 46.45140780280733)
,,12,Office / Business Center,POINT (30.754697202594283 46.45053968388049)
,Артилерійська вулиця,4 будинок,Office / Business Center,POINT (30.738363022405537 46.45071819985035)
,проспект Шевченка,15/1,Office / Business Center,POINT (30.753153111513168 46.454343191802614)
,проспект Князя Ярослава Мудрого,11/1,Mall / Supermarket,POINT (30.728266288524875 46.396419256816095)
,проспект Князя Ярослава Мудрого,29,Office / Business Center,POINT (30.710594877120762 46.39699563338049)
,проспект Князя Ярослава Мудрого,29а,Mall / Supermarket,POINT (30.708940507058102 46.39651651503334)
,,,Market,POINT (30.72824034328693 46.39990157254185)
,Люстдорфська дорога,172/2,Sport Facility,POINT (30.731184935480318 46.39514457036927)
,Люстдорфська дорога,86,Office / Business Center,POINT (30.726569689353095 46.4286091618552)
Silpo,Люстдорфська дорога,54/1,Mall / Supermarket,POINT (30.725675878269186 46.43508073181564)
,вулиця Григорія Зленка,3а,University,POINT (30.73267020652311 46.441307424646354)
ATB-Market,,,Mall / Supermarket,POINT (30.723112933225536 46.402018185284575)
ATB-Market,вулиця Академіка Корольова,15,Mall / Supermarket,POINT (30.721692463194263 46.40755216079067)
,вулиця Академіка Корольова,9,Office / Business Center,POINT (30.721316627706145 46.40999404152647)
Silpo,вулиця Корольова,44,Mall / Supermarket,POINT (30.721222731339182 46.40560679012005)
Tairovskyi Shopping Center,вулиця Євгена Чикаленка,9а,Mall / Supermarket,POINT (30.724347495833296 46.39084421200311)
,,79а,Sport Facility,POINT (30.71747748666678 46.387955803785495)
,Італійська вулиця,47,Sport Facility,POINT (30.742108238658197 46.474716825784654)
,,26,University,POINT (30.741856344753078 46.47834630963758)
,Дерибасівська вулиця,8,Office / Business Center,POINT (30.74222124486973 46.48412911125192)
,Єврейська вулиця,26,Office / Business Center,POINT (30.73963402058409 46.47845917440307)
,Європейська вулиця,37,Office / Business Center,POINT (30.73841715123847 46.478924604209034)
Kadorr Mall,Європейська вулиця,27,Mall / Supermarket,POINT (30.73914982413286 46.4818538371741)
,вулиця Святослава Караванського,25,Office / Business Center,POINT (30.738534316251325 46.47931942415994)
,вулиця Бабеля,2,Office / Business Center,POINT (30.70883740000023 46.46844630011217)
,Михайлівська площа,17,University,POINT (30.709874812329712 46.46740626239392)
Odesa Theater of Young People named after Mykola Ostrovskyi,Грецька вулиця,48а,Entertainment,POINT (30.73373578649703 46.483339925699674)
,,44,Office / Business Center,POINT (30.736372294800983 46.48311370750319)
Odesa Academic Drama Theater,Грецька вулиця,48,Entertainment,POINT (30.7341689361616 46.4833203740532)
,вулиця Ніни Строкатої,31,Office / Business Center,POINT (30.736637940491462 46.48098830005637)
,Польська вулиця,20а,Office / Business Center,POINT (30.74393986537481 46.47896773867883)
,Троїцька вулиця,43,Office / Business Center,POINT (30.736083038532144 46.47670858320986)
,Канатна вулиця,51,Office / Business Center,POINT (30.747632562705327 46.4740104033133)
,Базарна вулиця,60,Office / Business Center,POINT (30.74211548144413 46.47412869127595)
Consulate of Poland,Успенська вулиця,2/1,Office / Business Center,POINT (30.752704899991922 46.474910150071885)
,Велика Арнаутська вулиця,15,Office / Business Center,POINT (30.750554121405816 46.471570695916434)
Uniqa Park Tower,Велика Арнаутська вулиця,72/74,Office / Business Center,POINT (30.73364379996604 46.47340670016198)
,Базарна вулиця,63,Office / Business Center,POINT (30.732212349994406 46.47427190032231)
,Маразліївська вулиця,14а,Office / Business Center,POINT (30.75013956036058 46.48163325149008)
,Успенська вулиця,4б/1,University,POINT (30.75076169999532 46.475692650336306)
,Люстдорфська дорога,96а,Entertainment,POINT (30.72178033715482 46.41680227563388)
,Військовий узвіз,1,Office / Business Center,POINT (30.735948534593113 46.48706296060114)
,вулиця Гоголя,7,Tourism / Beach,POINT (30.73585373203526 46.48965063215839)
,,2,Tourism / Beach,POINT (30.735023379755564 46.49077830570651)
Odesa I. I. Mechnykov National University,вулиця Всеволода Змієнка,2,University,POINT (30.731125601213964 46.487532603928855)
,вулиця Пастера,15,Entertainment,POINT (30.72687500855458 46.490642384465055)
,вулиця Новосельського,64,University,POINT (30.72269867470946 46.48424076782026)
Tavria V,Преображенська вулиця,25,Mall / Supermarket,POINT (30.731978899577584 46.48204944805945)
,Ніжинська вулиця,44,Office / Business Center,POINT (30.72642657998758 46.48335274021245)
,Ковальська вулиця,13,Office / Business Center,POINT (30.72440405118074 46.481379049471414)
Theatre Liceum,Спиридонівська вулиця,10,University,POINT (30.72843544628407 46.48069638576509)
,Преображенська вулиця,33,Office / Business Center,POINT (30.731596713388704 46.479057869608226)
,Ольгіївська вулиця,18,Office / Business Center,POINT (30.721613272616054 46.49035651449185)
Tavria V,Валіховський провулок,10а,Mall / Supermarket,POINT (30.72302245980409 46.493352581526636)
,,2,Office / Business Center,POINT (30.72089215338776 46.480004606641835)
,,58,Sport Facility,POINT (30.710242047104696 46.475142879928526)
,,6,Office / Business Center,POINT (30.722741053622048 46.471608312799106)
,,28,Office / Business Center,POINT (30.71907796223208 46.46910197531181)
,Головківська вулиця,36а,Office / Business Center,POINT (30.70773035479579 46.465658221097016)
,,,Sport Facility,POINT (30.710850024090732 46.46522467477479)
,,9,Office / Business Center,POINT (30.70892759799628 46.47045573659702)
,,7,Sport Facility,POINT (30.7200088217815 46.479297320806374)
,,21,Office / Business Center,POINT (30.72178366963676 46.469880818152895)
Rodina,Старопортофранківська вулиця,44,Entertainment,POINT (30.727819675938942 46.469574694922905)
,,65,University,POINT (30.714062925494776 46.462605250340836)
,,44,Office / Business Center,POINT (30.713163321749622 46.46229403576561)
Obzhora,Степова вулиця,30,Mall / Supermarket,POINT (30.713098614217717 46.4637862830475)
,,32д,University,POINT (30.68973091488203 46.461022926353735)
,,2д,University,POINT (30.690161363575484 46.46170876205818)
,Італійський бульвар,11,Tourism / Beach,POINT (30.745705224575524 46.46814895967084)
Ostriv Shopping Mall,вулиця Новощіпний Ряд,2,Mall / Supermarket,POINT (30.737520677495727 46.46900393105185)
Palladium,Італійський бульвар,4,Entertainment,POINT (30.7461141634445 46.46805036860776)
,Пантелеймонівська вулиця,23,Mall / Supermarket,POINT (30.73403841625843 46.46959332685964)
,Пантелеймонівська вулиця,27,Mall / Supermarket,POINT (30.731303575560244 46.46979564761914)
,Привокзальний провулок,2,Tourism / Beach,POINT (30.739030887063358 46.468099048581934)
,Французький бульвар,7,Office / Business Center,POINT (30.753788056028885 46.46650742920627)
,,4а,Sport Facility,POINT (30.756173461576466 46.46894872459286)
,Відрадна вулиця,3,Office / Business Center,POINT (30.75679378306896 46.467177994259615)
,Ясна вулиця,6,Office / Business Center,POINT (30.754449842657827 46.4670623462891)
,,29,Office / Business Center,POINT (30.741636906161823 46.464418602810596)
,,92,Office / Business Center,POINT (30.74548256860652 46.46365598686877)
,Семінарська вулиця,5,Office / Business Center,POINT (30.749673399330263 46.46191748132615)
,2-й Куликовський провулок,4,Tourism / Beach,POINT (30.742998299985686 46.46358135012546)
,Пироговська вулиця,11,Office / Business Center,POINT (30.74985297106241 46.46366941581119)
,,124,Sport Facility,POINT (30.743693336509153 46.45718316678576)
,,3,Office / Business Center,POINT (30.739952093836486 46.45013222786055)
,,30б,Office / Business Center,POINT (30.738280256382748 46.454935459629716)
,Канатна вулиця,134,Office / Business Center,POINT (30.743074249347252 46.45489053772512)
,,15а,Office / Business Center,POINT (30.72126087852834 46.43339730163293)
,,3а,Office / Business Center,POINT (30.71205751993794 46.43653460024724)
,,29а,Entertainment,POINT (30.71518188612048 46.43532730175953)
,площа Бориса Деревʼянка,2,Mall / Supermarket,POINT (30.704972085497396 46.44309018079838)
,,21а,Office / Business Center,POINT (30.705733849292585 46.42932778436137)
Silpo,вулиця Євгена Танцюри,51,Mall / Supermarket,POINT (30.702286151906762 46.433130768196136)
,вулиця Євгена Танцюри,22,Office / Business Center,POINT (30.708508225331578 46.431896407824595)
,вулиця Івана та Юрія Лип,13,Office / Business Center,POINT (30.707397985991243 46.432607948827034)
ATB-Market,вулиця Євгена Танцюри,32,Mall / Supermarket,POINT (30.703737668172725 46.43375345467835)
Tavria V,Генуезька вулиця,36,Mall / Supermarket,POINT (30.759271317323858 46.434146459791094)
,,10,Office / Business Center,POINT (30.726085471972624 46.46579610032028)
,Високий провулок,13,Office / Business Center,POINT (30.72639724985536 46.462646150165185)
,,19,Office / Business Center,POINT (30.713965002387237 46.45743611923081)
,,19,Sport Facility,POINT (30.714555758727744 46.458030524444936)
,,,Office / Business Center,POINT (30.72603968344496 46.42819346079799)
,Грецька площа,3/4,Mall / Supermarket,POINT (30.735570297135208 46.48285194736147)
Complex 1,вулиця Толбухіна,135,Mall / Supermarket,POINT (30.730816603719447 46.42704338519968)
,,,Mall / Supermarket,POINT (30.755838505989566 46.4139867516663)
Obzhora,,,Mall / Supermarket,POINT (30.719614291994414 46.41144866955409)
Kopiika,проспект Небесної Сотні,65а,Mall / Supermarket,POINT (30.711342402695777 46.405610874715265)
Ideal,проспект Князя Володимира Великого,129а,Mall / Supermarket,POINT (30.790128965029655 46.5873551309214)
Silpo,вулиця Владислава Бувалкіна,13а,Mall / Supermarket,POINT (30.789033419431874 46.59049582312121)
,вулиця Академіка Заболотного,24,Mall / Supermarket,POINT (30.779128899143217 46.58567097910711)
,,,Market,POINT (30.77862986744479 46.58549264426156)
,проспект Князя Володимира Великого,106,Office / Business Center,POINT (30.79055353752237 46.584364884916205)
Pivnychnyi Market,проспект Князя Володимира Великого,114/2,Market,POINT (30.793882795019794 46.587265227904815)
,,54,University,POINT (30.70452580244523 46.47920422447145)
,,14а,Office / Business Center,POINT (30.7385061255297 46.4608757932546)
,,,Office / Business Center,POINT (30.731157264211753 46.45684505579368)
Novyi Privoz,Пантелеймонівська вулиця,25,Mall / Supermarket,POINT (30.73256549676885 46.46972141558142)
"""Pryvoz"" Market",Привозна вулиця,14,Market,POINT (30.73414705702647 46.468742995033715)
,Картамишевська вулиця,9в,Office / Business Center,POINT (30.712692008932066 46.468737368477015)
,Преображенська вулиця,70,Tourism / Beach,POINT (30.731989582586202 46.47526725415659)
Odesa City Council,Думська площа,1,Tourism / Beach,POINT (30.744014114164333 46.48558531741229)
Odesa City Council,Думська площа,1,Office / Business Center,POINT (30.744014114164333 46.48558531741229)
,Митна площа,1,Office / Business Center,POINT (30.748185938874336 46.4850674920922)
,провулок Джевецького,6,Office / Business Center,POINT (30.754022654035705 46.47189713092399)
,Пантелеймонівська вулиця,3,Entertainment,POINT (30.75091174896293 46.46829795973283)
,,,University,POINT (30.71275129123703 46.465110296868275)
,,21а,Office / Business Center,POINT (30.71482766360529 46.45915587948627)
,Єврейська вулиця,43,Office / Business Center,POINT (30.73703808760354 46.47799708856979)
Selianka Market,,,Market,POINT (30.7103435150753 46.40742755186141)
Silpo,проспект Небесної Сотні,14-Д,Mall / Supermarket,POINT (30.710274814590058 46.40942362168282)
Tavria V,Дніпропетровська дорога,96/1,Mall / Supermarket,POINT (30.795623260345355 46.57727397815848)
City Center,проспект Небесної Сотні,2,Mall / Supermarket,POINT (30.710454248320637 46.41601532924875)
,проспект Небесної Сотні,4/7,Mall / Supermarket,POINT (30.71054513128586 46.41328853229465)
,,,Market,POINT (30.714041763958324 46.41775342564788)
,,,University,POINT (30.722978071017053 46.41396823532876)
Honorary Consulate of the Republic of Cyprus,Гагарінське Плато,7,Office / Business Center,POINT (30.76424169515365 46.43102863566154)
DEPOt,вулиця Семена Палія,125Б,Mall / Supermarket,POINT (30.801819585163326 46.58266821453081)
,,,Sport Facility,POINT (30.717794587196764 46.439862267323626)
,,,Sport Facility,POINT (30.758472091660206 46.45111321103249)
,проспект Князя Ярослава Мудрого,17/3,Office / Business Center,POINT (30.721221918510444 46.39598799166907)
,,,Market,POINT (30.72494246262772 46.39512224973462)
,,,Market,POINT (30.71847470106148 46.39894549056047)
,Львівська вулиця,2а,Mall / Supermarket,POINT (30.742111131112633 46.40072694396869)
,,,University,POINT (30.741432036070883 46.39995243266477)
,вулиця Олександра Невського,82,Mall / Supermarket,POINT (30.728665239486414 46.41242587608273)
,,60а,Office / Business Center,POINT (30.73192226107437 46.409121471231906)
,,,Sport Facility,POINT (30.689578361442983 46.46395015378214)
,,,Sport Facility,POINT (30.68973040372851 46.46344824586341)
,,25,University,POINT (30.739115309944154 46.477914081299645)
,,,Sport Facility,POINT (30.741118135049305 46.48641569478879)
,,28,Office / Business Center,POINT (30.6648839032811 46.48480742144772)
,,40/1,Office / Business Center,POINT (30.719229521239214 46.475382856486924)
,,89,Office / Business Center,POINT (30.76917187540272 46.439867963251636)
,,29,Office / Business Center,POINT (30.715803671913452 46.50072520157148)
,,2,Office / Business Center,POINT (30.700480513226033 46.5075762290592)
,,3/10,Office / Business Center,POINT (30.67684037071638 46.45988963498624)
,Вапняна вулиця,32,Sport Facility,POINT (30.711603885742083 46.496277046844696)
,,,Office / Business Center,POINT (30.676585849643978 46.48640775035775)
,ул.Заньковецкой,,Office / Business Center,POINT (30.70724319965703 46.458754833054336)
,,5А,Office / Business Center,POINT (30.700133982865704 46.45881439222831)
,,99,Office / Business Center,POINT (30.721174574353128 46.51254631954065)
,,1,Office / Business Center,POINT (30.768367377194156 46.45625208120926)
,,,Office / Business Center,POINT (30.729374702175225 46.49716027731289)
,,,Office / Business Center,POINT (30.71182197925166 46.39074615225509)
,,85/1,Sport Facility,POINT (30.766540943485786 46.445540472034885)
,Фонтанська дорога,118,Mall / Supermarket,POINT (30.746819329181623 46.3914538102887)
,вулиця Сергія Ядова,12,Mall / Supermarket,POINT (30.685844104134734 46.48712513486022)
Tavria V,вулиця Героїв Оборони Одеси,98,Mall / Supermarket,POINT (30.78622680889007 46.58095743171282)
,,231/1,Office / Business Center,POINT (30.7018273499504 46.45449770005312)
Tavria V,,23,Mall / Supermarket,POINT (30.708290637579516 46.44807506437401)
,Люстдорфська дорога,55з,Mall / Supermarket,POINT (30.72583563978957 46.42370757345688)
,Бугаївська вулиця,21,Office / Business Center,POINT (30.700802420878873 46.4724983581976)
,,32/34,Office / Business Center,POINT (30.703190119785884 46.46538300606154)
Odesa Central Bus Terminal,Колонтаївська вулиця,58,Transport Hub,POINT (30.708509366734113 46.47705886470142)
,,6,Office / Business Center,POINT (30.767942711377643 46.451806800813785)
,,,Sport Facility,POINT (30.759372241011715 46.44729771115372)
Odesa I. I. Mechnikov National University,,,University,POINT (30.759063443659898 46.45504424066986)
,,,University,POINT (30.750627558377737 46.44874377968261)
,,,University,POINT (30.755920644225874 46.43836888479504)
Tavria V,Махачкалинська вулиця,7а,Mall / Supermarket,POINT (30.802733200197366 46.58974998996918)
,проспект Князя Володимира Великого,120а,Office / Business Center,POINT (30.799014065839334 46.589046784321766)
Complex 2,вулиця Толбухіна,135/2,Mall / Supermarket,POINT (30.729508443114458 46.4276451231773)
Radiorinok,,,Market,POINT (30.724839870633858 46.497573647920824)
Submarine Maljutka,,,Tourism / Beach,POINT (30.721544281679147 46.37458227227897)
City Center Kotovskyi,вулиця Давида Ойстраха,32,Mall / Supermarket,POINT (30.793707004373378 46.58415068421219)
,,,Market,POINT (30.61632486817776 46.48852445246996)
Consulate of Moldova,,,Office / Business Center,POINT (30.758476400901742 46.43009032071754)
,вулиця Івана Фунтового,40-В,Market,POINT (30.709003659369873 46.44644939145334)
,,,Office / Business Center,POINT (30.722431636825014 46.39315680274063)
Odesa Lunapark,,,Tourism / Beach,POINT (30.755507855504785 46.47552242376618)
Odesa National Polytechnic University,,,University,POINT (30.751433482964945 46.46023692488849)
,,4,Office / Business Center,POINT (30.740661435771564 46.484382661252965)
,,,Tourism / Beach,POINT (30.72363224999778 46.45594445000693)
Consulate General of Turkey,Чорноморська вулиця,3,Office / Business Center,POINT (30.76055607556608 46.47547658255897)
,,,Tourism / Beach,POINT (30.7620643114894 46.477510959292964)
,,,Office / Business Center,POINT (30.755311066631904 46.47727816156451)
,Фонтанська дорога,3/1,Office / Business Center,POINT (30.740394716273116 46.44983573148351)
,,34,Office / Business Center,POINT (30.72169886182106 46.46828846331964)
Silpo,вулиця Героїв Оборони Одеси,98-Б,Mall / Supermarket,POINT (30.78657592326671 46.581246000185075)
ATB-Market,Десантний бульвар,18,Mall / Supermarket,POINT (30.790235934253573 46.576399112980056)
Equator,вулиця Семена Палія,103Б,Mall / Supermarket,POINT (30.798482270154942 46.57791206668959)
TC Volna 1,вулиця Семена Палія,127/3,Mall / Supermarket,POINT (30.802359764529623 46.58344800992035)
,Старосінна площа,2,Tourism / Beach,POINT (30.73953324999677 46.466125550274825)
,,33,Tourism / Beach,POINT (30.739661387972685 46.46515121011068)
,,33,Office / Business Center,POINT (30.739661387972685 46.46515121011068)
,,33,Office / Business Center,POINT (30.739338428665565 46.465194528873006)
,,7,Sport Facility,POINT (30.77149408321417 46.44241120879308)
,Водопровідна вулиця,9,Office / Business Center,POINT (30.733119949884795 46.463419486063614)
,вулиця Мечникова,59,Office / Business Center,POINT (30.727973419649686 46.462601476312365)
Consulate General of China,провулок Нахімова,2,Office / Business Center,POINT (30.751189133197485 46.48370125112188)
,,,University,POINT (30.748340543011793 46.483019195743914)
,,,University,POINT (30.749433331568124 46.47757121987118)
,,,University,POINT (30.748923141627625 46.48020492073272)
,,,Entertainment,POINT (30.751640256903684 46.478454987033764)
,,,University,POINT (30.754733453114245 46.4739513257438)
Arcadia City,Аркадійська алея,1,Mall / Supermarket,POINT (30.762811766295883 46.42999712339947)
,,,Entertainment,POINT (30.767750758101254 46.42886928846276)
,улица Академика Сахарова,22,Mall / Supermarket,POINT (30.805271089966347 46.573828532920665)
,Пляж Дельфін,3,Entertainment,POINT (30.768053449287425 46.45422002408233)
,,3/2,Entertainment,POINT (30.768137120456736 46.45502380705092)
,,,Entertainment,POINT (30.76756825620772 46.43051067059227)
,,7,Office / Business Center,POINT (30.753435581990406 46.46641386956448)
,,,Entertainment,POINT (30.767259903200486 46.42983206283242)
Shostyi Element,Овідіопольська дорога,7,Mall / Supermarket,POINT (30.663419425393524 46.44897901713182)
,вулиця Купріна,49,Sport Facility,POINT (30.740222685177464 46.409631003910214)
,,,Entertainment,POINT (30.766421359211588 46.4276431755595)
Gagarinn Plaza,Генуезька вулиця,5/2,Mall / Supermarket,POINT (30.761807249004477 46.43192079616041)
,,,Entertainment,POINT (30.76824001818699 46.43009096378133)
,,89 к2,Office / Business Center,POINT (30.76950900004924 46.440254700111566)
,,32б,Sport Facility,POINT (30.696959859720593 46.462612524154494)
,вулиця Ярослава Баїса,9а,Mall / Supermarket,POINT (30.804437767509878 46.579315261592626)
,,,Entertainment,POINT (30.79754449687379 46.58971022153595)
,,172,Office / Business Center,POINT (30.773362259629085 46.556948006243)
,,,Entertainment,POINT (30.76692326481834 46.428046492251106)
,,,Tourism / Beach,POINT (30.745538850591036 46.37808963830429)
,,47/2,Entertainment,POINT (30.728090441429636 46.494865234652174)
ATB-Market,Миколаївська дорога,307-А,Mall / Supermarket,POINT (30.768126721060042 46.55634235590503)
,,,Entertainment,POINT (30.770111813113175 46.4321342668347)
,,,University,POINT (30.72684909666989 46.46073541608101)
,,,Office / Business Center,POINT (30.738707556148068 46.460843418135624)
,,,Office / Business Center,POINT (30.718905510770618 46.4672636132402)
,,,University,POINT (30.7226740628204 46.47633278447318)
,,,University,POINT (30.72347332393735 46.47648148639873)
,,,Office / Business Center,POINT (30.727208632761997 46.48738461853628)
,,,University,POINT (30.720300696349135 46.49454658855263)
,,,Tourism / Beach,POINT (30.722140598275757 46.49086853206915)
,вулиця Пастера,15а,Entertainment,POINT (30.726365368455888 46.49072670766207)
,,,University,POINT (30.73185665045519 46.486839903258)
Medical college,,,University,POINT (30.72680233052313 46.487744075803505)
,,,University,POINT (30.72178819507646 46.49165203733934)
,,,University,POINT (30.718850608641432 46.48804836449122)
,вулиця Пастера,16,University,POINT (30.72340823449808 46.49230693085054)
Mechnikov University,,,University,POINT (30.73061746291516 46.48803321423801)
,,,Office / Business Center,POINT (30.718731132993984 46.49168819363965)
,,,Office / Business Center,POINT (30.718973135886063 46.49248280854571)
,,,University,POINT (30.729606085512174 46.49434423817557)
,,,University,POINT (30.726688544445917 46.49277095448383)
,,,University,POINT (30.719422652941944 46.493999323804076)
,,,University,POINT (30.73522419466978 46.487370933528865)
,,,University,POINT (30.734015203872957 46.48982525111131)
,,,Entertainment,POINT (30.73512359469382 46.48830091414353)
,,,University,POINT (30.73374823917444 46.48798209081799)
,,,University,POINT (30.7349772610766 46.48771752321935)
,,,University,POINT (30.715967674927786 46.48384302646544)
"National University ""Odesa Maritime Academy""",вулиця Дідріхсона,8,University,POINT (30.71287334162569 46.48333062494853)
,,,University,POINT (30.71836005592263 46.48439879491586)
,Старопортофранківська вулиця,26,University,POINT (30.72135914906739 46.48050251130366)
,,,University,POINT (30.715838415493998 46.482121753502305)
,,,University,POINT (30.718608520730758 46.48252992485168)
State University of Intellectual Technologies and Communications,Ковальська вулиця,1,University,POINT (30.7234367307938 46.482515346785426)
,,,University,POINT (30.728331426440807 46.47530712538612)
,,,University,POINT (30.72140675691241 46.47796057789491)
,Тираспольська вулиця,6,University,POINT (30.730179273869947 46.47974272832466)
,вулиця Новосельського,100,Office / Business Center,POINT (30.729800506841517 46.47799943498686)
,,,University,POINT (30.72508267645071 46.48150288946887)
,,,University,POINT (30.721586183137823 46.482335342035384)
,,63,University,POINT (30.725022227369408 46.48311175197903)
,,,University,POINT (30.718887410574684 46.48311300295789)
,,,University,POINT (30.727259910365756 46.480512375920874)
,,,Sport Facility,POINT (30.727784395320867 46.483694123680785)
,,,University,POINT (30.721909113255776 46.47631688485736)
,,,University,POINT (30.72060648298352 46.47744837287217)
,,,University,POINT (30.73539931090089 46.41106335263829)
ATB-Market,,,Mall / Supermarket,POINT (30.729323732305964 46.40673146218097)
,,,University,POINT (30.737843701988044 46.409725037957145)
Levitan Market,,,Market,POINT (30.72932871032776 46.40711278567839)
,,12,Tourism / Beach,POINT (30.757942525615526 46.41280760017262)
,,,Office / Business Center,POINT (30.756857828326535 46.4672097382095)
Consulate of Georgia,,,Office / Business Center,POINT (30.7486633617838 46.46685802871721)
,,,University,POINT (30.748143545387897 46.48158290884597)
Consulate of Poland,,,Office / Business Center,POINT (30.752809782668354 46.474968333513665)
,Французький бульвар,8,Office / Business Center,POINT (30.753880008302126 46.46338160642291)
,,,Entertainment,POINT (30.740726596819705 46.48711319754915)
,,,University,POINT (30.733415763006516 46.4860623617391)
,,,University,POINT (30.70452628502808 46.47828685312776)
Starokinnyi Market,,,Market,POINT (30.712190140949183 46.478649454559374)
NU OMA Campus,,,University,POINT (30.703398482570726 46.48749809525184)
Consulate General of Romania in Odesa,,,Office / Business Center,POINT (30.74396901264159 46.47362333675999)
,,,Office / Business Center,POINT (30.741852971344045 46.479793671905426)
,,31,Office / Business Center,POINT (30.73667731310627 46.480589848421815)
,вулиця Ніни Строкатої,23,Office / Business Center,POINT (30.739263999951966 46.480922650054005)
,,,Office / Business Center,POINT (30.736737194655156 46.48084197175517)
,,,Office / Business Center,POINT (30.7385786199871 46.47917607602515)
,,15,University,POINT (30.727891714971694 46.488495690737054)
,,,University,POINT (30.72826584712889 46.488557357209864)
,,75,Office / Business Center,POINT (30.736138114129268 46.47273337310722)
,,,University,POINT (30.744699562957233 46.46890996618429)
,,11,Tourism / Beach,POINT (30.74569611916585 46.46794287371031)
"International economics faculty, Economical University",,,University,POINT (30.73907156796184 46.468025653509436)
Vuzovskyi Shopping Mall,,,Mall / Supermarket,POINT (30.727204203900904 46.411369803082835)
,,,University,POINT (30.746892980142906 46.46164497904987)
,,,University,POINT (30.716412592708632 46.45744920333621)
,,,Office / Business Center,POINT (30.740890544091545 46.449989632132976)
,,,University,POINT (30.743542578281673 46.4593902362781)
,,,University,POINT (30.737621710047424 46.44784184086229)
,проспект Шевченка,1/2,Office / Business Center,POINT (30.750399999998976 46.46138605001131)
,,,Office / Business Center,POINT (30.71164152898575 46.39096604944436)
,,,Market,POINT (30.704340933426113 46.38934044351243)
,,,Market,POINT (30.704069437263193 46.38712765188358)
,,,Market,POINT (30.70332999611334 46.38302935979974)
Mechanical and technological college ONAPT,,,University,POINT (30.72508833831884 46.49998240599418)
Interregional Academy of Personnel Management,,,University,POINT (30.724388161116494 46.50191796024312)
Pre-Chronic Scientific Institute of the Name I. І. Mechnikova,Церковна вулиця,2/4,Office / Business Center,POINT (30.72340660874966 46.5009070099963)
,,,University,POINT (30.730366727223185 46.527929796207296)
,,,Sport Facility,POINT (30.74694492695292 46.46284466470695)
,вулиця Академіка Заболотного,38/1,Office / Business Center,POINT (30.796925783056484 46.58092382205615)
Consulate General of the Republic of Bulgaria,,,Office / Business Center,POINT (30.758950966325088 46.42898014145845)
,,,Office / Business Center,POINT (30.76935266118892 46.4401469544366)
,,,University,POINT (30.746708872636532 46.43708955372968)
,вулиця Жоліо Кюрі,26,Market,POINT (30.78656927753226 46.593159861744006)
The Filatov Institute of Eye Diseases and Tissue Therapy,Французький бульвар,49/51,Office / Business Center,POINT (30.762425588915434 46.45477520922709)
Odesa I. I. Mechnikov National University,,,University,POINT (30.756957351021693 46.45251702790992)
,,,University,POINT (30.741306640004453 46.440795709694925)
National University “Odesa Academy of Law”,,,University,POINT (30.74511688115299 46.441731448472)
,,,Sport Facility,POINT (30.745326231845052 46.44086442765121)
,,,University,POINT (30.744315929351085 46.43472779808081)
,,,University,POINT (30.747757233505933 46.44248875271204)
,,,Sport Facility,POINT (30.76543727664616 46.428040070004826)
,,,University,POINT (30.720316032740396 46.417446811872274)
,,,Sport Facility,POINT (30.72198833084694 46.41347262615039)
,,,Mall / Supermarket,POINT (30.730334383171982 46.42745551325865)
,,,Office / Business Center,POINT (30.726269910009062 46.42880708132316)
,,,Sport Facility,POINT (30.718471747816643 46.38663640176256)
Tavria V,вулиця Академіка Заболотного,20,Mall / Supermarket,POINT (30.781167247086064 46.5843763558592)
,,,Tourism / Beach,POINT (30.74340715000141 46.38219745001277)
,,,Tourism / Beach,POINT (30.727567284638234 46.37076444686404)
,,24,Tourism / Beach,POINT (30.745963241684365 46.38657406573292)
,,,University,POINT (30.720515504998133 46.451795063033366)
,,,University,POINT (30.741851236964816 46.456321819041804)
Piatyi Element,вулиця Артура Савельєва,4,Mall / Supermarket,POINT (30.74729054740305 46.43832499190221)
,,,Tourism / Beach,POINT (30.748019021916623 46.395151238903715)
,,,Tourism / Beach,POINT (30.749938007681134 46.39793463614122)
Odesa Railway Station,Привокзальна площа,2,Tourism / Beach,POINT (30.74040288715158 46.46751358423154)
,,,Market,POINT (30.73184328935497 46.46929848648441)
,,49,Tourism / Beach,POINT (30.717148943387866 46.463586229562935)
Umka,проспект Князя Володимира Великого,145/1,Entertainment,POINT (30.795789233947126 46.590964153749034)
,,,Entertainment,POINT (30.76470716133576 46.42879974357285)
,,,Office / Business Center,POINT (30.769160769926533 46.43979456661279)
,Генуезька вулиця,24Б,Mall / Supermarket,POINT (30.758331357755036 46.43548688631626)
ATB-Market,Фонтанська дорога,18,Mall / Supermarket,POINT (30.749667646013602 46.428714843276566)
,,,Office / Business Center,POINT (30.709105854746948 46.43399550587417)
,вулиця Героїв Крут,15,Office / Business Center,POINT (30.713772588832565 46.43312589601125)
,,,Office / Business Center,POINT (30.715652282486605 46.43183470165307)
,,,Office / Business Center,POINT (30.71498272128993 46.43228816823641)
,,,University,POINT (30.708664142824386 46.42318659107525)
,,,Office / Business Center,POINT (30.71376249149602 46.433039595559016)
,,,Office / Business Center,POINT (30.713183119243098 46.43041146935217)
,,,Market,POINT (30.70575483539811 46.4446451949192)
,,,Market,POINT (30.705567406912184 46.44316173110412)
,,,Sport Facility,POINT (30.71526099929313 46.43557753097377)
,,,University,POINT (30.699527993453913 46.43807182850376)
,,,Market,POINT (30.694189652863667 46.4282219450605)
,,29,Sport Facility,POINT (30.70584982259978 46.44568743241925)
,,90а/1,Sport Facility,POINT (30.68453219153399 46.44672697321244)
,,50б,Office / Business Center,POINT (30.681892967713868 46.48559879238999)
,,12в,Office / Business Center,POINT (30.710870573983257 46.49202494487415)
,,,University,POINT (30.76832581841234 46.45635796837935)
Kopiika,проспект Князя Володимира Великого,84а,Mall / Supermarket,POINT (30.782276505151188 46.57515277836978)
,,,Sport Facility,POINT (30.658436843561827 46.47390370632631)
"Shopping Center ""Aeroportivskyi""",вулиця Малішевського,50,Mall / Supermarket,POINT (30.68406960873407 46.44833525770886)
Tavria V,проспект Князя Ярослава Мудрого,2,Mall / Supermarket,POINT (30.73144773075846 46.400864045268584)
,вулиця 28 бригади,12,University,POINT (30.796936796535036 46.59942630020652)
,вулиця Академіка Заболотного,9,University,POINT (30.781054400684372 46.58283781338678)
Bus station Starosinna,Старосінна площа,"1-А, 2",Transport Hub,POINT (30.738180743814357 46.46664492051418)
,,,Entertainment,POINT (30.772317109961516 46.55644490628483)
,,3,Office / Business Center,POINT (30.715156489592047 46.461183216076584)
,,64,Office / Business Center,POINT (30.719615599306074 46.46334312696496)
,,83Б,Office / Business Center,POINT (30.704288220911973 46.47221692698846)
,,,University,POINT (30.71333465098926 46.48144586648687)
,,,University,POINT (30.720008996802843 46.477346393698454)
,,,Tourism / Beach,POINT (30.74261610365537 46.482440330381706)
Odesa City Fair,,,Market,POINT (30.736506721268288 46.48391450473949)
Spartak Stadium,,,Sport Facility,POINT (30.74836817253873 46.46835054555436)
,,,University,POINT (30.72178266460029 46.47911870862574)
,,,Office / Business Center,POINT (30.720925953591955 46.48000176406067)
,,4,Office / Business Center,POINT (30.71925161164489 46.48134560136923)
Chornomorets Stadium,,,Sport Facility,POINT (30.755463075304334 46.4803152239006)
,,,Market,POINT (30.785586371856542 46.581156123120586)
Silpo,вулиця Валентини Терешкової,17-А,Mall / Supermarket,POINT (30.713983232361066 46.43074289385013)
Santim,Сабанський провулок,3,Mall / Supermarket,POINT (30.748600590023003 46.47910712142545)
,,,University,POINT (30.76412207072924 46.44134911374905)
,Велика Арнаутська вулиця,26,Office / Business Center,POINT (30.74258293554623 46.47280788725816)
,,,Office / Business Center,POINT (30.7150697353487 46.48990427659177)
,,,Tourism / Beach,POINT (30.76517313768397 46.42922065901514)
,,,Tourism / Beach,POINT (30.72252415000028 46.49315595000184)
,,,Tourism / Beach,POINT (30.726720499999956 46.493959050002786)
,,,Tourism / Beach,POINT (30.723690450000127 46.486095900002695)
,,,University,POINT (30.734574673195567 46.47327580332573)
,,,Mall / Supermarket,POINT (30.74359815372628 46.43200765870926)
Virtus,,,Mall / Supermarket,POINT (30.73538334005791 46.45324907299047)
Cossacks of Zaporozhye,,9,Office / Business Center,POINT (30.72377954028575 46.499657595805715)
,,,Sport Facility,POINT (30.74238990928522 46.47451827929644)
,,,Tourism / Beach,POINT (30.728031293424237 46.451122977565994)
,вулиця Новощіпний Ряд,2,Mall / Supermarket,POINT (30.737303037754792 46.468256117583)
Zelenyi Theatre,,,Entertainment,POINT (30.751766291184115 46.47844803253214)
,Аркадійська алея,,Entertainment,POINT (30.766613550006 46.42819345011917)
,вулиця Незалежності,13,Office / Business Center,POINT (30.748399911675918 46.45098588288188)
ATB-Market,проспект Князя Володимира Великого,122/2,Mall / Supermarket,POINT (30.798277590980987 46.59155120425087)
,,,Tourism / Beach,POINT (30.736760149999935 46.47146490000076)
,,,Sport Facility,POINT (30.709894705679105 46.488891237261065)
,,,Tourism / Beach,POINT (30.718961972129335 46.37239927682156)
,,,Office / Business Center,POINT (30.726197976148327 46.42834686840532)
,Люстдорфська дорога,86,Office / Business Center,POINT (30.726996975806895 46.428923384415725)
,,,Tourism / Beach,POINT (30.69185190000022 46.51863665001341)
,,,Tourism / Beach,POINT (30.754309317952654 46.4206257586071)
,,,Tourism / Beach,POINT (30.75347564575068 46.42319646931156)
,,34,Tourism / Beach,POINT (30.684256841362735 46.524979862425795)
,,,Tourism / Beach,POINT (30.684920750002973 46.52476580000644)
,,,Tourism / Beach,POINT (30.67626621617667 46.53904869493992)
,,,Tourism / Beach,POINT (30.671699106343578 46.541190782391745)
,,,Tourism / Beach,POINT (30.769414711843556 46.43923300955152)
,,,Tourism / Beach,POINT (30.745944643622657 46.42238988412538)
,,,University,POINT (30.727943125841826 46.47998082048303)
,,,University,POINT (30.721639887289143 46.49281808626884)
Odesa Circus,,,Entertainment,POINT (30.726094104370357 46.48700875307008)
,Ланжеронівська вулиця,24,Office / Business Center,POINT (30.738223211647295 46.4852739892682)
,,,University,POINT (30.724485776613022 46.48349604138293)
,вулиця Академіка Заболотного,103в,Mall / Supermarket,POINT (30.79794983320422 46.57737630932677)
,,,Office / Business Center,POINT (30.675619212745787 46.487050493297765)
,,,Market,POINT (30.675747270522056 46.48704425839171)
,вулиця Академіка Вільямса,1в,Mall / Supermarket,POINT (30.706180234168485 46.389436261102944)
Silpo,вулиця Академіка Вільямса,75,Mall / Supermarket,POINT (30.719509090324415 46.39037170988548)
,,,Office / Business Center,POINT (30.728902043902767 46.42290336457933)
,,,Office / Business Center,POINT (30.702522579889223 46.47874858885277)
,Аркадія пляж,12,Entertainment,POINT (30.768881007322225 46.43087904469981)
,,,Office / Business Center,POINT (30.710382942860626 46.38921669854161)
,,4 к1,Office / Business Center,POINT (30.701236625232237 46.45938835231107)
,,,Tourism / Beach,POINT (30.748259048767483 46.47811685092572)
,,,Office / Business Center,POINT (30.72569204783554 46.431697548860214)
,вулиця Семена Палія,99-В,Mall / Supermarket,POINT (30.794526912715998 46.57242364892745)
,,,Entertainment,POINT (30.77108545517877 46.445985174160136)
,,,Sport Facility,POINT (30.770983389109233 46.448869405497284)
Kopeyka,Фонтанська дорога,118/2,Mall / Supermarket,POINT (30.74678558962784 46.392218993007084)
,вулиця Академіка Вільямса,44,Mall / Supermarket,POINT (30.7336268561608 46.39239072244369)
,,,Entertainment,POINT (30.714679636988567 46.42973006035771)
TavriaV,,,Mall / Supermarket,POINT (30.677186458734333 46.45548976695265)
ATB-Market,вулиця Семена Палія,113д,Mall / Supermarket,POINT (30.800160497415046 46.580039304814015)
,,,Office / Business Center,POINT (30.73424494941524 46.54916540334296)
,,,Market,POINT (30.73539589755318 46.46744375975342)
,Марсельська вулиця,48/1,Sport Facility,POINT (30.79768901488816 46.571512128498206)
,,,Sport Facility,POINT (30.710060293247803 46.48285172228503)
,,49,Tourism / Beach,POINT (30.71701952370775 46.46368987594631)
,,49,Tourism / Beach,POINT (30.716747022991036 46.46390765841373)
,,,Sport Facility,POINT (30.657730912199572 46.47355097100803)
,,,Tourism / Beach,POINT (30.65865329833931 46.47421529721168)
Fontan Sky Mall,провулок Семафорний,4,Mall / Supermarket,POINT (30.74173502487912 46.460692492234536)
Cigarettes,,,Market,POINT (30.723729416344014 46.49808757804087)
,вулиця Золотий Берег,37/2,Entertainment,POINT (30.751347797338124 46.388265290853866)
,,,Entertainment,POINT (30.75157415174283 46.388850378062294)
,,,Entertainment,POINT (30.754292715684993 46.39939784637425)
,Фонтанська дорога,,Entertainment,POINT (30.75673225228909 46.40279165035473)
,,,Entertainment,POINT (30.75823523047616 46.40514241554618)
,,,Entertainment,POINT (30.76048812771323 46.411804605854975)
,Аркадійська алея,20,Entertainment,POINT (30.766514805268216 46.427124196214244)
,,,Entertainment,POINT (30.768137731887844 46.428636550062265)
,Аркадійська алея,25,Entertainment,POINT (30.768364797922573 46.42992629768136)
,Аркадія пляж,,Entertainment,POINT (30.768996423379555 46.43063376379944)
,Аркадія пляж,15,Entertainment,POINT (30.7702163714325 46.43231145840755)
,Пляж Дельфін,4а,Entertainment,POINT (30.76926966552245 46.45131804337519)
,Пляж Дельфін,5,Entertainment,POINT (30.768435632906137 46.4525140539145)
,Пляж Дельфін,4,Entertainment,POINT (30.768508308828576 46.45354333119123)
,Пляж Дельфін,3,Entertainment,POINT (30.768398620950034 46.454375222277115)
,,,Entertainment,POINT (30.768468592453225 46.45499427187365)
,Ланжерон пляж,5,Entertainment,POINT (30.76397423064309 46.47032523140976)
,Хаджибейська дорога,143,Tourism / Beach,POINT (30.689397313453618 46.51977585277585)
Cosmos,,,Mall / Supermarket,POINT (30.729233233476332 46.42746233446132)
,вулиця Академіка Філатова,15Б,Office / Business Center,POINT (30.72186952780243 46.432701055569964)
,,,Mall / Supermarket,POINT (30.69297857315804 46.48230390717311)
,,,Office / Business Center,POINT (30.732551985685124 46.44487516589048)
,,,Office / Business Center,POINT (30.667236031167292 46.471069008957706)
TC Volna 2,вулиця Владислава Бувалкіна,57г,Mall / Supermarket,POINT (30.802451603783513 46.58439477407908)
Tavria V,вулиця Академіка Заболотного,40/1,Mall / Supermarket,POINT (30.794403707998335 46.578809351523276)
,провулок Олександра Юрженка,20,Office / Business Center,POINT (30.72116618725744 46.44003229483906)
,,,Sport Facility,POINT (30.745941149998554 46.44861445036677)
,,,Market,POINT (30.715474744024494 46.4326370827314)
,,,Office / Business Center,POINT (30.660002049999722 46.447474850170785)
,,,Market,POINT (30.7271886273455 46.435226549329144)
,,,Tourism / Beach,POINT (30.731909089112712 46.46702627283147)
,,,Tourism / Beach,POINT (30.731783711502516 46.46433420797689)
,,,Tourism / Beach,POINT (30.731904994716825 46.46620180470873)
,,,Tourism / Beach,POINT (30.731950812945957 46.4682709892158)
,,,Tourism / Beach,POINT (30.73210006064144 46.468270848210466)
,,,Tourism / Beach,POINT (30.73223348054702 46.4682441457617)
,,,Tourism / Beach,POINT (30.731305784625434 46.46678191501169)
,,,Tourism / Beach,POINT (30.73138841817444 46.46667482221604)
,,,Tourism / Beach,POINT (30.731422017333937 46.466579517446455)
,,,Tourism / Beach,POINT (30.731460860543063 46.46646511013848)
,,,Tourism / Beach,POINT (30.731494176183475 46.46636704441784)
,,,Tourism / Beach,POINT (30.73161145821796 46.46587786076588)
,,,Tourism / Beach,POINT (30.731680216570677 46.465715635735215)
,,,Tourism / Beach,POINT (30.731769003918274 46.465542615858254)
,,,Tourism / Beach,POINT (30.731792237613288 46.46542134699978)
,,,Tourism / Beach,POINT (30.731798056281093 46.4652471201984)
,,,Tourism / Beach,POINT (30.7318005680314 46.465080733276885)
,,,Tourism / Beach,POINT (30.731784413714756 46.46496999666879)
,,,Tourism / Beach,POINT (30.73178637385011 46.46480207921171)
,,,Tourism / Beach,POINT (30.731807434042178 46.464630886592424)
,,,Tourism / Beach,POINT (30.731769808082486 46.46450605716044)
,,,Tourism / Beach,POINT (30.73179637899651 46.464415575027736)
,,,Tourism / Beach,POINT (30.73233648360999 46.46657752588717)
Pryvoz Bus Station,вулиця Новощіпний Ряд,5,Transport Hub,POINT (30.736518485183712 46.46742427347339)
ATB-Market,,,Mall / Supermarket,POINT (30.68766163663869 46.465506990658675)
,,,Tourism / Beach,POINT (30.744032299999933 46.47122130000075)
,,,Mall / Supermarket,POINT (30.72893460910423 46.4234754065386)
,,,Mall / Supermarket,POINT (30.7244189763481 46.39615137141754)
Odesa Passage,,,Tourism / Beach,POINT (30.733177052865326 46.48397889685749)
,,,Sport Facility,POINT (30.736186949623242 46.44377256656885)
,,,Sport Facility,POINT (30.748040484722406 46.46327824189116)
,,8,Tourism / Beach,POINT (30.728530904414463 46.48103470939885)
Odesa Oblast Philharmonic Orchestra,вулиця Ніни Строкатої,15,Entertainment,POINT (30.743152277495234 46.48047243240099)
,,6,Office / Business Center,POINT (30.743600660948218 46.48406842921453)
,,,Sport Facility,POINT (30.729520035171674 46.5221140442594)
Potemkin Stairs,,,Tourism / Beach,POINT (30.742019449140805 46.488579260542195)
Odesa National Medical University,,,University,POINT (30.72571732393262 46.49349900022271)
,,,Market,POINT (30.61945183970942 46.48607650212147)
